Date,Open,High,Low,Close,Adj Close,Volume,MA_20,MA_50,SHORT_GR_LONG,Signal,Buy & Sell
2020-03-19,202.9499969482422,219.75,198.14999389648438,203.64999389648438,198.68626403808594,93533467,274.1475006103516,301.1400018310547,0,,NULL
2020-03-20,205.5500030517578,215.6999969482422,200.0,209.85000610351562,204.7351531982422,77391650,268.62250061035155,298.9410021972656,0,0.0,NULL
2020-03-23,190.0,199.5,180.25,181.60000610351562,177.17372131347656,61750037,261.32000122070315,295.9690020751953,0,0.0,NULL
2020-03-24,190.9499969482422,191.9499969482422,173.5500030517578,183.1999969482422,178.73472595214844,67491360,254.33250045776367,292.98800201416014,0,0.0,NULL
2020-03-25,178.0,195.25,176.4499969482422,189.89999389648438,185.2714080810547,71567553,247.48750076293945,290.17100189208986,0,0.0,NULL
2020-03-26,191.5500030517578,201.0,185.10000610351562,192.75,188.05194091796875,107260359,240.7150001525879,287.4660018920898,0,0.0,NULL
2020-03-27,202.0,211.89999389648438,195.0,195.9499969482422,191.1739501953125,114740377,234.41499938964844,284.9000018310547,0,0.0,NULL
2020-03-30,190.0,195.0,186.25,186.89999389648438,182.3445281982422,60081554,228.60999908447266,282.172001953125,0,0.0,NULL
2020-03-31,192.0,198.5,188.0500030517578,196.85000610351562,192.05201721191406,59543412,224.0824996948242,279.74900207519534,0,0.0,NULL
2020-04-01,194.0,194.5,185.25,186.5500030517578,182.00306701660156,52954239,218.91749954223633,277.20000213623047,0,0.0,NULL
2020-04-03,187.5500030517578,188.1999969482422,175.0,175.5,171.22239685058594,64448494,213.4275001525879,274.43600189208985,0,0.0,NULL
2020-04-07,184.39999389648438,187.3000030517578,177.60000610351562,186.39999389648438,181.85671997070312,72130500,208.3224998474121,271.8410018920898,0,0.0,NULL
2020-04-08,182.89999389648438,194.39999389648438,180.4499969482422,183.0,178.53958129882812,80435759,203.9474998474121,269.03700164794924,0,0.0,NULL
2020-04-09,188.0,190.0,183.60000610351562,187.75,183.173828125,62416005,200.6625,266.31100189208985,0,0.0,NULL
2020-04-13,186.8000030517578,188.6999969482422,183.10000610351562,183.5,179.02740478515625,51847146,197.5824996948242,263.65700164794924,0,0.0,NULL
2020-04-15,187.0,191.9499969482422,180.14999389648438,182.35000610351562,177.9054412841797,72190004,196.06999969482422,261.0020016479492,0,0.0,NULL
2020-04-16,182.0,189.89999389648438,180.25,188.5,183.90553283691406,61165773,193.3949996948242,258.4430014038086,0,0.0,NULL
2020-04-17,196.0,198.0,186.3000030517578,193.25,188.53976440429688,89851063,191.88999938964844,256.094001159668,0,0.0,NULL
2020-04-20,194.0,197.35000610351562,190.0500030517578,192.5,187.80804443359375,81958510,190.75749969482422,253.57500091552734,0,0.0,NULL
2020-04-21,188.0,188.1999969482422,183.0,184.75,180.24693298339844,53042420,189.2349998474121,251.30800079345704,0,0.0,NULL
2020-04-22,185.5,189.5,181.35000610351562,188.6999969482422,184.1006622314453,61503413,188.4875,248.95700073242188,0,0.0,NULL
2020-04-23,187.75,189.89999389648438,185.14999389648438,186.6999969482422,182.14939880371094,50955312,187.32999954223632,246.47100067138672,0,0.0,NULL
2020-04-24,184.0,184.0,179.0,179.75,175.36880493164062,65137305,187.23749923706055,243.6270004272461,0,0.0,NULL
2020-04-27,183.5,183.5,180.5,180.89999389648438,176.49078369140625,42996571,187.12249908447265,240.8340005493164,0,0.0,NULL
2020-04-28,182.0,185.35000610351562,181.1999969482422,184.3000030517578,179.8079071044922,49590230,186.84249954223634,238.15000061035155,0,0.0,NULL
2020-04-29,185.0,191.8000030517578,183.5,190.10000610351562,185.466552734375,57470466,186.70999984741212,235.46500061035155,0,0.0,NULL
2020-04-30,193.5,195.89999389648438,189.6999969482422,190.5,185.85679626464844,63063889,186.4375,232.87100036621095,0,0.0,NULL
2020-05-04,182.4499969482422,183.5,178.0,178.85000610351562,174.49075317382812,58118177,186.03500061035157,229.89900024414064,0,0.0,NULL
2020-05-05,181.0,181.25,168.8000030517578,170.39999389648438,166.2467041015625,91050439,184.7125,226.91900024414062,0,0.0,NULL
2020-05-06,171.14999389648438,173.3000030517578,166.5500030517578,171.10000610351562,166.92965698242188,73156432,183.94000015258788,224.05700012207032,0,0.0,NULL
2020-05-07,170.85000610351562,172.5500030517578,168.8000030517578,170.75,166.5881805419922,42942399,183.7025001525879,221.12100036621095,0,0.0,NULL
2020-05-08,172.4499969482422,173.8000030517578,166.10000610351562,166.64999389648438,162.58810424804688,55932236,182.7150001525879,218.0470001220703,0,0.0,NULL
2020-05-11,167.9499969482422,168.89999389648438,165.0,165.4499969482422,161.41734313964844,54591827,181.8375,214.80300018310547,0,0.0,NULL
2020-05-12,164.1999969482422,168.5,160.85000610351562,166.89999389648438,162.83200073242188,70752542,180.7949996948242,211.68199981689452,0,0.0,NULL
2020-05-13,178.5500030517578,178.5500030517578,170.5,174.10000610351562,169.8565216064453,81720683,180.325,208.62800018310546,0,0.0,NULL
2020-05-14,170.9499969482422,171.75,167.5,167.9499969482422,163.85641479492188,48136531,179.60499954223633,205.4229998779297,0,0.0,NULL
2020-05-15,167.9499969482422,168.25,164.6999969482422,166.39999389648438,162.3441925048828,35495540,178.49999923706054,202.31199951171874,0,0.0,NULL
2020-05-18,166.39999389648438,166.39999389648438,155.0,155.3000030517578,151.51473999023438,77349435,176.60249938964844,199.3579995727539,0,0.0,NULL
2020-05-19,157.5,157.85000610351562,152.39999389648438,152.8000030517578,149.07568359375,71522334,174.61749954223632,196.6659997558594,0,0.0,NULL
2020-05-20,153.0,155.25,151.14999389648438,153.39999389648438,149.6610565185547,66168767,173.04999923706055,193.93699951171874,0,0.0,NULL
2020-05-21,153.64999389648438,156.14999389648438,151.5,151.9499969482422,148.24639892578125,61147471,171.21249923706054,191.2699996948242,0,0.0,NULL
2020-05-22,152.0,155.60000610351562,149.4499969482422,150.85000610351562,147.1732177734375,87064198,169.4199996948242,188.51699981689453,0,0.0,NULL
2020-05-26,152.39999389648438,153.1999969482422,150.1999969482422,151.39999389648438,147.70980834960938,48275988,168.00249938964845,186.13499969482422,0,0.0,NULL
2020-05-27,151.9499969482422,160.8000030517578,150.8000030517578,158.60000610351562,154.73431396484375,88195120,166.8875,184.2379998779297,0,0.0,NULL
2020-05-28,159.4499969482422,162.39999389648438,156.6999969482422,158.1999969482422,154.3440704345703,76968678,165.5824996948242,182.49999969482423,0,0.0,NULL
2020-05-29,156.10000610351562,161.89999389648438,155.1999969482422,161.3000030517578,157.36849975585938,58363280,164.14249954223632,181.47399963378905,0,0.0,NULL
2020-06-01,164.0,171.39999389648438,163.35000610351562,170.0500030517578,165.9052276611328,92740893,163.11999969482423,180.03499969482422,0,0.0,NULL
2020-06-02,169.89999389648438,171.3000030517578,167.1999969482422,170.25,166.10035705566406,70419104,162.68999938964845,178.9729995727539,0,0.0,NULL
2020-06-03,172.5,179.89999389648438,172.0,174.89999389648438,170.63702392578125,113168889,162.91499938964844,178.1679995727539,0,0.0,NULL
2020-06-04,174.89999389648438,177.64999389648438,171.5,174.0500030517578,169.8077392578125,83494674,163.06249923706054,177.34499969482422,0,0.0,NULL
2020-06-05,176.5500030517578,189.8000030517578,176.0,187.8000030517578,183.2226104736328,201321234,163.91499938964844,177.0279998779297,0,0.0,NULL
2020-06-08,197.0,197.5,185.8000030517578,186.8000030517578,182.24697875976562,151741826,164.9224998474121,176.56699981689454,0,0.0,NULL
2020-06-09,187.6999969482422,191.0,183.35000610351562,184.4499969482422,179.95423889160156,96654191,165.87249984741212,176.62399963378905,0,0.0,NULL
2020-06-10,184.5500030517578,189.0,183.8000030517578,187.6999969482422,183.12503051757812,67333317,166.9125,176.71399963378906,0,0.0,NULL
2020-06-11,188.0,190.39999389648438,176.35000610351562,177.14999389648438,172.83218383789062,91726802,167.06499938964845,176.45899963378906,0,0.0,NULL
2020-06-12,170.0,180.0,169.8000030517578,179.14999389648438,174.78343200683594,92758901,167.62499923706054,176.18699951171874,0,0.0,NULL
2020-06-15,177.85000610351562,177.85000610351562,172.0,173.6999969482422,169.4662628173828,63613412,167.98999938964843,175.74199951171875,0,0.0,NULL
2020-06-16,178.0,178.9499969482422,169.39999389648438,172.89999389648438,168.68576049804688,63925976,168.86999893188477,175.46199951171874,0,0.0,NULL
2020-06-17,171.0,176.1999969482422,169.25,172.9499969482422,168.73455810546875,73866905,169.87749862670898,174.9839993286133,0,0.0,NULL
2020-06-18,172.39999389648438,180.64999389648438,171.10000610351562,179.64999389648438,175.271240234375,58261857,171.18999862670898,174.84599914550782,0,0.0,NULL
2020-06-19,180.3000030517578,184.9499969482422,179.5,184.5,180.00303649902344,76895151,172.81749877929687,175.02599914550783,0,0.0,NULL
2020-06-22,185.0,191.75,184.25,187.6999969482422,183.12503051757812,80023958,174.6599983215332,175.05199920654297,0,0.0,NULL
2020-06-23,189.60000610351562,193.10000610351562,187.85000610351562,192.4499969482422,187.75926208496094,65487085,176.7124984741211,175.2409991455078,1,1.0,SELL
2020-06-24,194.8000030517578,194.89999389648438,183.89999389648438,184.60000610351562,180.10060119628906,74668987,178.0124984741211,175.17799926757812,1,0.0,NULL
2020-06-25,182.1999969482422,186.8000030517578,180.39999389648438,185.25,180.73475646972656,73620385,179.364998626709,175.2129992675781,1,0.0,NULL
2020-06-26,188.0,188.60000610351562,183.8000030517578,184.60000610351562,180.10060119628906,49176958,180.52999877929688,175.25799926757813,1,0.0,NULL
2020-06-29,183.0,183.10000610351562,178.5,179.25,174.88099670410156,50966428,180.989998626709,175.07299926757813,1,0.0,NULL
2020-06-30,181.10000610351562,182.89999389648438,177.25,178.4499969482422,174.10047912597656,43613239,181.3999984741211,174.77699920654297,1,0.0,NULL
2020-07-01,179.4499969482422,185.39999389648438,178.60000610351562,184.8000030517578,180.29571533203125,54012853,181.89499893188477,174.62299926757814,1,0.0,NULL
2020-07-02,185.64999389648438,188.0,184.0,185.4499969482422,180.9298858642578,52127276,182.464998626709,174.63699920654298,1,0.0,NULL
2020-07-03,186.64999389648438,186.85000610351562,183.39999389648438,184.6999969482422,180.19815063476562,38048810,182.30999832153321,174.55699920654297,1,0.0,NULL
2020-07-06,186.60000610351562,189.85000610351562,186.14999389648438,188.0500030517578,183.4665069580078,43773740,182.37249832153321,174.5839993286133,1,0.0,NULL
2020-07-07,187.0,189.1999969482422,184.0500030517578,188.60000610351562,184.0030975341797,55124494,182.5799987792969,174.76099945068358,1,0.0,NULL
2020-07-08,188.89999389648438,197.4499969482422,188.39999389648438,191.89999389648438,187.22267150878906,143063102,182.78999862670898,174.98099945068358,1,0.0,NULL
2020-07-09,192.8000030517578,201.0,192.5500030517578,199.10000610351562,194.24717712402344,89539723,183.88749923706055,175.27699951171874,1,0.0,NULL
2020-07-10,198.0,202.5,194.8000030517578,195.60000610351562,190.83248901367188,111406477,184.70999984741212,175.38699951171876,1,0.0,NULL
2020-07-13,198.8000030517578,199.8000030517578,191.60000610351562,192.6999969482422,188.00315856933594,61949761,185.6599998474121,175.4309994506836,1,0.0,NULL
2020-07-14,192.3000030517578,192.3000030517578,184.60000610351562,186.0500030517578,181.5152587890625,62239932,186.31750030517577,175.57499938964844,1,0.0,NULL
2020-07-15,187.9499969482422,189.9499969482422,183.0,183.8000030517578,179.32009887695312,58527305,186.86000061035156,175.8429995727539,1,0.0,NULL
2020-07-16,185.0,186.9499969482422,181.64999389648438,186.25,181.7103729248047,46546803,187.19000091552735,176.1459994506836,1,0.0,NULL
2020-07-17,186.8000030517578,189.5,185.0,188.1999969482422,183.61285400390625,47035238,187.37500076293946,176.49499938964843,1,0.0,NULL
2020-07-20,190.0,193.25,188.75,190.75,186.10069274902344,45672856,187.52750091552736,176.97699951171876,1,0.0,NULL
2020-07-21,192.4499969482422,196.1999969482422,191.5,194.39999389648438,189.66172790527344,59281860,187.62500076293946,177.5559994506836,1,0.0,NULL
2020-07-22,195.6999969482422,196.75,190.10000610351562,192.0,187.3202362060547,62276152,187.99500045776367,178.0579995727539,1,0.0,NULL
2020-07-23,192.39999389648438,199.10000610351562,191.14999389648438,198.25,193.4178924560547,70801412,188.64500045776367,178.5409994506836,1,0.0,NULL
2020-07-24,195.6999969482422,196.3000030517578,190.64999389648438,191.9499969482422,187.27145385742188,65265493,189.0125,179.0209994506836,1,0.0,NULL
2020-07-27,193.0,193.1999969482422,186.5,187.14999389648438,182.5884246826172,50697767,189.40749969482422,179.4359994506836,1,0.0,NULL
2020-07-28,188.0,190.5,185.75,189.4499969482422,184.83238220214844,51488617,189.9574996948242,180.11899932861328,1,0.0,NULL
2020-07-29,187.60000610351562,195.25,187.0,191.1999969482422,186.5397186279297,73763368,190.27749938964843,180.88699920654298,1,0.0,NULL
2020-07-30,192.5,193.5,186.0500030517578,186.5500030517578,182.00306701660156,48472816,190.3324996948242,181.54999938964843,1,0.0,NULL
2020-07-31,188.0,194.85000610351562,186.6999969482422,191.4499969482422,186.78363037109375,145892485,190.6699996948242,182.33999938964843,1,0.0,NULL
2020-08-03,192.0,194.60000610351562,190.0500030517578,192.25,187.5641326904297,72454278,190.87999954223633,183.16799926757812,1,0.0,NULL
2020-08-04,193.35000610351562,193.8000030517578,190.5,191.60000610351562,186.92999267578125,43866676,191.02999954223634,183.97199951171876,1,0.0,NULL
2020-08-05,192.75,196.85000610351562,191.0,191.4499969482422,186.78363037109375,68888892,191.00749969482422,184.62899932861328,1,0.0,NULL
2020-08-06,192.3000030517578,194.5,190.25,190.9499969482422,186.2958221435547,59740172,190.59999923706056,185.28399932861328,1,0.0,NULL
2020-08-07,191.4499969482422,192.10000610351562,189.5500030517578,190.64999389648438,186.0031280517578,44822338,190.35249862670898,185.87099914550782,1,0.0,NULL
2020-08-10,191.85000610351562,195.5,191.6999969482422,193.8000030517578,189.0763702392578,48784530,190.40749893188476,186.34599914550782,1,0.0,NULL
2020-08-11,195.0,196.8000030517578,193.75,195.0500030517578,190.29588317871094,43890305,190.85749893188478,186.84199920654297,1,0.0,NULL
2020-08-12,196.0,204.25,194.60000610351562,203.3000030517578,198.3448028564453,157818228,191.83249893188477,187.40999938964845,1,0.0,NULL
2020-08-13,205.5,207.3000030517578,200.75,201.89999389648438,196.97891235351562,70443118,192.614998626709,187.96699920654297,1,0.0,NULL
2020-08-14,203.0,204.0,194.60000610351562,196.5,191.71055603027344,56169088,193.02999877929688,188.1409991455078,1,0.0,NULL
2020-08-17,198.4499969482422,198.64999389648438,191.5,193.10000610351562,188.39341735839844,54787889,193.14749908447266,188.26699920654298,1,0.0,NULL
2020-08-18,193.8000030517578,195.75,191.6999969482422,195.10000610351562,190.3446807861328,46294169,193.18249969482423,188.47999938964844,1,0.0,NULL
2020-08-19,196.39999389648438,200.3000030517578,195.89999389648438,197.0500030517578,192.2471466064453,59296062,193.43499984741212,188.66699951171876,1,0.0,NULL
2020-08-20,194.0,196.35000610351562,193.25,194.75,190.00320434570312,37504602,193.2599998474121,189.01899963378906,1,0.0,NULL
2020-08-21,199.0,201.5,197.64999389648438,198.39999389648438,193.56423950195312,68041871,193.5824996948242,189.40399963378906,1,0.0,NULL
2020-08-24,200.0,202.8000030517578,198.60000610351562,201.4499969482422,196.53988647460938,53850253,194.2974998474121,189.95899963378906,1,0.0,NULL
2020-08-25,204.0,208.4499969482422,202.6999969482422,207.9499969482422,202.88145446777344,105394375,195.2224998474121,190.65999969482422,1,0.0,NULL
2020-08-26,208.5,210.35000610351562,206.14999389648438,209.85000610351562,204.7351531982422,66749637,196.15500030517578,191.3979998779297,1,0.0,NULL
2020-08-27,210.5,216.5,210.5,215.64999389648438,210.39378356933594,80997993,197.6099998474121,192.1179998779297,1,0.0,NULL
2020-08-28,217.0,225.89999389648438,216.8000030517578,224.85000610351562,219.3695526123047,95974037,199.28000030517578,192.925,1,0.0,NULL
2020-08-31,231.5500030517578,231.5500030517578,210.35000610351562,212.0,206.83274841308594,119986476,200.2675003051758,193.41100006103517,1,0.0,NULL
2020-09-01,213.10000610351562,218.89999389648438,211.1999969482422,218.10000610351562,212.78407287597656,75048313,201.59250030517578,193.92400024414061,1,0.0,NULL
2020-09-02,218.25,219.0,212.3000030517578,216.25,210.97915649414062,47608088,202.83250045776367,194.55700012207032,1,0.0,NULL
2020-09-03,217.5,218.25,212.3000030517578,213.14999389648438,207.95472717285156,38594129,203.94250030517577,195.115,1,0.0,NULL
2020-09-04,210.0,212.3000030517578,205.89999389648438,206.60000610351562,201.5643768310547,54435758,204.74000091552733,195.555,1,0.0,NULL
2020-09-07,207.5,209.64999389648438,205.39999389648438,207.89999389648438,202.83267211914062,35687359,205.44500045776368,196.12799987792968,1,0.0,NULL
2020-09-08,207.89999389648438,208.5,202.89999389648438,204.0500030517578,199.07652282714844,34146789,205.89500045776367,196.64,1,0.0,NULL
2020-09-09,201.10000610351562,201.39999389648438,192.5,194.85000610351562,190.10076904296875,72715826,205.47250061035157,196.84100006103515,1,0.0,NULL
2020-09-10,197.6999969482422,201.4499969482422,195.1999969482422,198.14999389648438,193.32032775878906,67789617,205.28500061035157,197.095,1,0.0,NULL
2020-09-11,198.5500030517578,203.85000610351562,197.0,202.6999969482422,197.75942993164062,48487971,205.59500045776366,197.455,1,0.0,NULL
2020-09-14,205.89999389648438,206.1999969482422,197.35000610351562,198.5,193.66180419921875,63605531,205.8650001525879,197.66399993896485,1,0.0,NULL
2020-09-15,199.89999389648438,201.0,197.10000610351562,200.14999389648438,195.27157592773438,51761038,206.11749954223632,197.8949996948242,1,0.0,NULL
2020-09-16,199.85000610351562,200.0500030517578,196.25,198.1999969482422,193.36911010742188,52404964,206.17499923706055,198.02099975585938,1,0.0,NULL
2020-09-17,197.0,198.0,195.0,195.4499969482422,190.68612670898438,41223296,206.20999908447266,197.9479995727539,1,0.0,NULL
2020-09-18,196.0,197.1999969482422,189.6999969482422,192.60000610351562,187.90560913085938,55286316,205.9199996948242,197.8879995727539,1,0.0,NULL
2020-09-21,193.0500030517578,193.5,184.25,185.8000030517578,181.27134704589844,57611375,205.1375,197.74999969482423,1,0.0,NULL
2020-09-22,186.14999389648438,188.3000030517578,181.14999389648438,186.1999969482422,181.66159057617188,51210889,204.05,197.7529995727539,1,0.0,NULL
2020-09-23,188.14999389648438,188.9499969482422,181.0,183.8000030517578,179.32009887695312,44320497,202.74749984741212,197.7529995727539,1,0.0,NULL
2020-09-24,181.10000610351562,181.8000030517578,175.5,176.35000610351562,172.0516815185547,46114798,200.78250045776366,197.55499969482423,1,0.0,NULL
2020-09-25,179.0,182.75,176.14999389648438,182.1999969482422,177.75909423828125,46550127,198.65,197.43499969482423,1,0.0,NULL
2020-09-28,184.0,188.14999389648438,183.35000610351562,187.25,182.68601989746094,41921548,197.4125,197.3649996948242,1,0.0,NULL
2020-09-29,188.5,188.9499969482422,183.25,185.0500030517578,180.5396270751953,35688726,195.7599998474121,197.1779998779297,0,-1.0,NULL
2020-09-30,185.0500030517578,186.8000030517578,182.39999389648438,185.39999389648438,180.881103515625,37641083,194.21749954223634,197.04599975585938,0,0.0,NULL
2020-10-01,187.0,191.1999969482422,186.89999389648438,190.3000030517578,185.6616668701172,43588724,193.075,196.88699981689453,0,0.0,NULL
2020-10-05,192.0,193.8000030517578,187.0500030517578,188.75,184.14944458007812,41694686,192.18249969482423,196.82299987792967,0,0.0,NULL
2020-10-06,191.10000610351562,192.10000610351562,188.3000030517578,191.60000610351562,186.92999267578125,31098726,191.36750030517578,196.9120001220703,0,0.0,NULL
2020-10-07,192.5500030517578,193.14999389648438,189.10000610351562,190.6999969482422,186.05191040039062,34578053,190.7,196.93700012207032,0,0.0,NULL
2020-10-08,191.35000610351562,195.8000030517578,190.5500030517578,191.5,186.83242797851562,43351606,190.53249969482422,196.94300018310548,0,0.0,NULL
2020-10-09,192.0,198.8000030517578,190.5500030517578,198.3000030517578,193.4666748046875,64907230,190.54000015258788,197.17800018310547,0,0.0,NULL
2020-10-12,199.6999969482422,205.9499969482422,197.25,198.6999969482422,193.85691833496094,69122798,190.3400001525879,197.32300018310548,0,0.0,NULL
2020-10-13,198.64999389648438,200.0,195.10000610351562,195.6999969482422,190.9300537109375,34948525,190.2,197.3920001220703,0,0.0,NULL
2020-10-14,194.0500030517578,200.89999389648438,193.0500030517578,200.0500030517578,195.1740264892578,40548275,190.19500045776368,197.56100006103514,0,0.0,NULL
2020-10-15,201.0,202.5,192.0,192.85000610351562,188.14952087402344,49184123,189.92750091552733,197.58900024414064,0,0.0,NULL
2020-10-16,194.0,196.75,191.60000610351562,195.9499969482422,191.1739501953125,36893126,189.95250091552734,197.68900024414063,0,0.0,NULL
2020-10-19,196.1999969482422,204.60000610351562,196.0500030517578,204.0,199.02774047851562,60220779,190.52250061035156,197.95600036621093,0,0.0,NULL
2020-10-20,201.0,204.35000610351562,200.6999969482422,203.0500030517578,198.1009063720703,39316753,191.38500061035157,198.14100036621093,0,0.0,NULL
2020-10-21,204.6999969482422,207.3000030517578,198.85000610351562,203.75,198.78382873535156,54515523,192.26250076293945,198.31500030517577,0,0.0,NULL
2020-10-22,201.89999389648438,204.60000610351562,201.10000610351562,203.3000030517578,198.3448028564453,33721637,193.23750076293945,198.31500030517577,0,0.0,NULL
2020-10-23,204.0,205.60000610351562,201.5500030517578,202.8000030517578,197.85699462890625,32707020,194.56000061035155,198.33300048828124,0,0.0,NULL
2020-10-26,202.6999969482422,204.0,195.60000610351562,196.6999969482422,191.90567016601562,45470123,195.28500061035157,198.3370004272461,0,0.0,NULL
2020-10-27,197.25,197.5500030517578,192.25,194.64999389648438,189.9056396484375,37794381,195.65500030517578,198.36800018310547,0,0.0,NULL
2020-10-28,195.0,195.0,189.0500030517578,190.4499969482422,185.80799865722656,46458319,195.925,198.275,0,0.0,NULL
2020-10-29,189.35000610351562,190.6999969482422,185.89999389648438,188.6999969482422,184.1006622314453,44822673,196.0900001525879,198.1079998779297,0,0.0,NULL
2020-10-30,189.35000610351562,192.0,186.14999389648438,189.25,184.6372528076172,41519686,196.0375,197.9979998779297,0,0.0,NULL
2020-11-02,192.1999969482422,197.25,190.0500030517578,196.0500030517578,191.2715301513672,52600119,196.4025001525879,197.95100006103516,0,0.0,NULL
2020-11-03,198.0,205.8000030517578,197.60000610351562,204.75,199.75946044921875,69890201,197.05999984741212,198.0170001220703,0,0.0,NULL
2020-11-04,203.5,209.0,198.0500030517578,207.0,201.95462036132812,117577856,197.875,197.99800018310546,0,0.0,NULL
2020-11-05,216.0,221.0,214.75,218.64999389648438,213.32066345214844,138023646,199.2324996948242,198.17399993896484,1,1.0,SELL
2020-11-06,219.0,221.85000610351562,217.0500030517578,219.1999969482422,213.85726928710938,73147085,200.27749938964843,198.245,1,0.0,NULL
2020-11-09,222.5,222.64999389648438,217.0500030517578,219.5,214.1499481201172,60359458,201.31749954223633,198.1379998779297,1,0.0,NULL
2020-11-10,223.10000610351562,235.0,223.0,231.6999969482422,226.05259704589844,135294550,203.11749954223632,198.53199981689454,1,0.0,NULL
2020-11-11,232.75,239.35000610351562,227.75,234.1999969482422,228.4916534423828,107094861,204.82499923706055,198.85399963378907,1,0.0,NULL
2020-11-12,233.1999969482422,233.35000610351562,225.64999389648438,226.8000030517578,221.2720184326172,58859905,206.52249908447266,199.06499969482422,1,0.0,NULL
2020-11-13,225.0,230.64999389648438,220.10000610351562,229.4499969482422,223.857421875,70676525,208.19749908447267,199.39099975585938,1,0.0,NULL
2020-11-14,232.0,232.89999389648438,227.75,229.64999389648438,224.05255126953125,7753219,209.47999877929686,199.85199951171876,1,0.0,NULL
2020-11-17,231.85000610351562,241.60000610351562,231.0,240.1999969482422,234.3454132080078,80501583,211.3374984741211,200.4979995727539,1,0.0,NULL
2020-11-18,239.39999389648438,253.0,237.89999389648438,252.0,245.85780334472656,104514060,213.7499984741211,201.45699951171875,1,0.0,NULL
2020-11-19,248.0,251.8000030517578,239.0,239.75,233.9063720703125,82284278,215.5724983215332,202.35499938964844,1,0.0,NULL
2020-11-20,241.5,245.39999389648438,233.9499969482422,242.75,236.83326721191406,84411129,217.56999816894532,203.24699951171874,1,0.0,NULL
2020-11-23,243.5,246.14999389648438,238.10000610351562,238.6999969482422,232.88197326660156,57538324,219.6699981689453,203.96699951171874,1,0.0,NULL
2020-11-24,240.5,245.0,239.5,243.85000610351562,237.9064483642578,47636611,222.12999877929687,204.87399963378905,1,0.0,NULL
2020-11-25,245.4499969482422,249.89999389648438,241.60000610351562,243.0,237.07716369628906,74767232,224.75749893188475,205.7309997558594,1,0.0,NULL
2020-11-26,244.0,246.25,240.14999389648438,245.4499969482422,239.4674530029297,64248318,227.59499893188476,206.67599975585938,1,0.0,NULL
2020-11-27,245.4499969482422,246.25,242.0500030517578,244.25,238.29669189453125,54355703,230.34499893188476,207.65199981689454,1,0.0,NULL
2020-12-01,245.0,248.9499969482422,244.25,248.0500030517578,242.0040740966797,37003272,232.94499893188475,208.7609997558594,1,0.0,NULL
2020-12-02,248.35000610351562,250.85000610351562,244.10000610351562,246.9499969482422,240.93089294433594,56723083,235.05499877929688,209.98399963378907,1,0.0,NULL
2020-12-03,249.3000030517578,259.0,248.0,256.29998779296875,250.052978515625,79266442,237.5199981689453,211.38599945068358,1,0.0,NULL
2020-12-04,257.0,264.3500061035156,253.5500030517578,263.5,257.0774841308594,79252024,239.7624984741211,212.97999938964844,1,0.0,NULL
2020-12-07,263.79998779296875,271.45001220703125,263.0,269.6000061035156,263.0288391113281,76053084,242.28249893188476,214.84499938964845,1,0.0,NULL
2020-12-08,270.95001220703125,273.70001220703125,265.25,271.8999938964844,265.2727355957031,65617502,244.902498626709,216.6389993286133,1,0.0,NULL
2020-12-09,272.1000061035156,274.8999938964844,269.20001220703125,270.3500061035156,263.76055908203125,48495641,246.83499908447266,218.3009994506836,1,0.0,NULL
2020-12-10,269.0,271.0,265.54998779296875,269.54998779296875,262.98004150390625,38676657,248.60249862670898,219.9909991455078,1,0.0,NULL
2020-12-11,270.04998779296875,276.25,270.04998779296875,272.45001220703125,265.8093566894531,50255223,250.88499908447267,221.73199951171875,1,0.0,NULL
2020-12-14,274.0,276.1499938964844,272.3500061035156,274.20001220703125,267.5167236328125,31946501,253.12249984741212,223.40999969482422,1,0.0,NULL
2020-12-15,274.04998779296875,274.04998779296875,268.1499938964844,270.6499938964844,264.05322265625,34890948,255.1724998474121,225.0479995727539,1,0.0,NULL
2020-12-16,272.79998779296875,273.6499938964844,268.5,269.3999938964844,262.8337097167969,24844177,256.6324996948242,226.60399932861327,1,0.0,NULL
2020-12-17,270.0,272.1499938964844,266.70001220703125,267.70001220703125,261.1751403808594,25904699,257.4175003051758,228.14399963378906,1,0.0,NULL
2020-12-18,267.70001220703125,271.95001220703125,265.0,271.45001220703125,264.833740234375,29816205,259.0025009155273,229.7429998779297,1,0.0,NULL
2020-12-21,268.45001220703125,269.0,251.0500030517578,254.6999969482422,248.4919891357422,55160758,259.60000076293943,230.87099975585937,1,0.0,NULL
2020-12-22,254.8000030517578,258.70001220703125,248.25,257.45001220703125,251.17498779296875,51189571,260.5375015258789,232.04600006103516,1,0.0,NULL
2020-12-23,256.95001220703125,263.8999938964844,255.60000610351562,263.0,256.5896911621094,29056404,261.4950012207031,233.3920001220703,1,0.0,NULL
2020-12-24,265.0,268.8500061035156,264.6499938964844,266.8500061035156,260.3458557128906,28585509,262.68750152587893,234.72800018310548,1,0.0,NULL
2020-12-28,268.75,276.0,268.0,275.20001220703125,268.4923400878906,36870242,264.17500228881835,236.37500030517577,1,0.0,NULL
2020-12-29,276.29998779296875,279.8999938964844,274.70001220703125,277.8999938964844,271.12652587890625,45032526,265.8575019836426,238.01400024414062,1,0.0,NULL
2020-12-30,278.0,278.70001220703125,272.5,276.8999938964844,270.15087890625,30971894,267.3000015258789,239.4720001220703,1,0.0,NULL
2020-12-31,275.0,277.25,272.6000061035156,274.95001220703125,268.2484436035156,29467966,268.7000022888184,240.91000030517577,1,0.0,NULL
2021-01-01,274.8999938964844,280.0,274.3999938964844,279.3999938964844,272.5899658203125,24531791,269.85500259399413,242.42300018310547,1,0.0,NULL
2021-01-04,281.8500061035156,283.8999938964844,277.75,281.04998779296875,274.19970703125,31450608,270.7325019836426,243.97799987792968,1,0.0,NULL
2021-01-05,278.04998779296875,282.45001220703125,277.0,281.75,274.8826904296875,27393072,271.3400016784668,245.55699981689452,1,0.0,NULL
2021-01-06,283.0,289.1499938964844,281.3999938964844,285.04998779296875,278.10223388671875,40765708,271.997501373291,247.32399963378907,1,0.0,NULL
2021-01-07,289.0,291.79998779296875,287.0,287.70001220703125,280.68768310546875,30546600,272.8650016784668,249.185,1,0.0,NULL
2021-01-08,290.1000061035156,291.3999938964844,285.20001220703125,286.0,279.02911376953125,32543357,273.68750228881834,251.09600006103517,1,0.0,NULL
2021-01-11,288.0,288.20001220703125,279.6000061035156,282.5,275.6144104003906,29703173,274.1900016784668,252.9720001220703,1,0.0,NULL
2021-01-12,280.0,293.8500061035156,277.8999938964844,292.5,285.37066650390625,44307145,275.10500106811526,255.0370001220703,1,0.0,NULL
2021-01-13,296.0,308.0,294.5,306.79998779296875,299.3221130371094,78042133,276.91250076293943,257.2519998168945,1,0.0,NULL
2021-01-14,306.70001220703125,309.25,303.79998779296875,307.25,299.76116943359375,40123498,278.80500106811525,259.3019998168945,1,0.0,NULL
2021-01-15,306.79998779296875,310.8999938964844,301.29998779296875,303.8500061035156,296.44403076171875,35307601,280.6125007629395,261.23899993896487,1,0.0,NULL
2021-01-18,303.5,308.6499938964844,292.20001220703125,294.45001220703125,287.2731628417969,54969750,281.76250076293945,262.75500030517577,1,0.0,NULL
2021-01-19,297.6499938964844,302.5,296.3999938964844,298.6000061035156,291.3219909667969,35803901,283.95750122070314,264.34300048828123,1,0.0,NULL
2021-01-20,298.79998779296875,304.70001220703125,296.8500061035156,302.54998779296875,295.17572021484375,33759304,286.2125,266.0040002441406,1,0.0,NULL
2021-01-21,304.0,305.1499938964844,291.5,294.8500061035156,287.66339111328125,29995203,287.8050003051758,267.2670004272461,1,0.0,NULL
2021-01-22,295.5,298.0,282.3999938964844,283.70001220703125,276.78515625,44440810,288.6475006103516,268.2570007324219,1,0.0,NULL
2021-01-25,284.5,288.0,277.04998779296875,280.95001220703125,274.1021728515625,34034630,288.93500061035155,269.34000091552736,1,0.0,NULL
2021-01-27,280.20001220703125,284.8500061035156,272.70001220703125,275.6499938964844,268.93133544921875,39211107,288.82250061035154,270.26400085449217,1,0.0,NULL
2021-01-28,271.8999938964844,283.3500061035156,269.5,282.3500061035156,275.46807861328125,48717297,289.0950012207031,271.3180010986328,1,0.0,NULL
2021-01-29,285.6000061035156,290.6499938964844,279.1000061035156,282.1000061035156,275.2241516113281,42300984,289.45250091552737,272.15600128173827,1,0.0,NULL
2021-02-01,285.1000061035156,313.8999938964844,282.75,310.70001220703125,303.1270446777344,103414068,291.0175018310547,273.3300015258789,1,0.0,NULL
2021-02-02,315.0,337.3999938964844,315.0,333.1000061035156,324.9811096191406,121434166,293.62000274658203,275.1970016479492,1,0.0,NULL
2021-02-03,333.75,339.8999938964844,325.79998779296875,335.95001220703125,327.7616271972656,66420168,296.3300033569336,277.06100189208985,1,0.0,NULL
2021-02-04,334.3999938964844,358.0,331.1000061035156,355.1000061035156,346.44488525390625,145203439,299.83250427246094,279.3890020751953,1,0.0,NULL
2021-02-05,387.0,408.3500061035156,385.1499938964844,393.1000061035156,383.5186767578125,214955688,305.10250396728514,282.37400207519534,1,0.0,NULL
2021-02-08,398.0,407.79998779296875,394.75,397.04998779296875,387.37237548828125,79389205,310.6550033569336,285.4550018310547,1,0.0,NULL
2021-02-09,396.75,403.5,389.0,394.79998779296875,385.1772155761719,63869990,316.270002746582,288.4420016479492,1,0.0,NULL
2021-02-10,394.04998779296875,397.8999938964844,388.0,392.25,382.68939208984375,54163507,321.257502746582,291.4020016479492,1,0.0,NULL
2021-02-11,391.79998779296875,396.95001220703125,388.25,390.1499938964844,380.6405334472656,36392708,325.4250030517578,294.24400146484373,1,0.0,NULL
2021-02-12,391.0,399.3500061035156,385.54998779296875,393.1499938964844,383.56744384765625,53589755,329.72000274658205,297.1680014038086,1,0.0,NULL
2021-02-15,397.5,409.45001220703125,395.70001220703125,406.95001220703125,397.0310974121094,56608937,334.8750030517578,300.18100189208985,1,0.0,NULL
2021-02-16,412.0,415.75,400.29998779296875,402.3500061035156,392.543212890625,80365431,340.270002746582,302.9580020141602,1,0.0,NULL
2021-02-17,403.0,414.8500061035156,400.1499938964844,411.75,401.7140808105469,74161370,345.92750244140626,305.80100189208986,1,0.0,NULL
2021-02-18,425.04998779296875,427.70001220703125,413.70001220703125,415.20001220703125,405.08001708984375,67154539,351.56000366210935,308.6670022583008,1,0.0,NULL
2021-02-19,415.0,415.0,395.0,399.54998779296875,389.8114318847656,66155518,356.79500274658204,311.25100189208985,1,0.0,NULL
2021-02-22,400.6000061035156,401.0,385.6499938964844,389.5,380.00640869140625,52535049,362.08500213623046,313.65000213623046,1,0.0,NULL
2021-02-23,392.0,399.70001220703125,389.0,395.6000061035156,385.95770263671875,45462768,367.8175018310547,316.11300201416014,1,0.0,NULL
2021-02-24,397.0,410.5,395.20001220703125,406.25,396.34814453125,39632090,374.34750213623045,318.75400177001956,1,0.0,NULL
2021-02-25,411.0,414.8999938964844,406.54998779296875,407.25,397.3237609863281,46988836,380.5925018310547,321.48600189208986,1,0.0,NULL
2021-02-26,399.5,401.0,387.0,390.1499938964844,380.6405334472656,64450414,385.9950012207031,323.9010018920898,1,0.0,NULL
2021-03-01,395.1000061035156,397.70001220703125,391.0,394.95001220703125,385.3235778808594,29677890,390.20750122070314,326.44600189208984,1,0.0,NULL
2021-03-02,395.0,399.54998779296875,390.54998779296875,394.20001220703125,384.59185791015625,30534337,393.2625015258789,328.9010018920898,1,0.0,NULL
2021-03-03,396.5,408.8999938964844,396.0,405.04998779296875,395.1773986816406,46268223,396.7175003051758,331.9080017089844,1,0.0,NULL
2021-03-04,398.70001220703125,403.5,394.45001220703125,395.6499938964844,386.0065002441406,43603653,398.74499969482423,334.67200134277346,1,0.0,NULL
2021-03-05,395.0,395.0,378.1000061035156,383.6499938964844,374.2989807128906,72179228,398.27249908447266,337.08500122070313,1,0.0,NULL
2021-03-08,388.45001220703125,393.3999938964844,386.04998779296875,389.6000061035156,380.1039733886719,39147858,397.9,339.5400012207031,1,0.0,NULL
2021-03-09,393.45001220703125,394.8999938964844,382.25,387.6000061035156,378.1527404785156,28054083,397.54000091552734,341.78800109863283,1,0.0,NULL
2021-03-10,391.1000061035156,393.0,385.70001220703125,387.70001220703125,378.25030517578125,22677399,397.31250152587893,343.98400146484374,1,0.0,NULL
2021-03-12,391.70001220703125,393.20001220703125,377.5,381.1000061035156,371.8111572265625,35336355,396.8600021362305,346.06800170898435,1,0.0,NULL
2021-03-15,382.5,386.0,369.3500061035156,383.8999938964844,374.54290771484375,42722585,396.39750213623046,348.24700134277344,1,0.0,NULL
2021-03-16,385.6000061035156,387.8500061035156,376.1000061035156,378.54998779296875,369.3232727050781,38196452,394.97750091552734,350.2300012207031,1,0.0,NULL
2021-03-17,378.20001220703125,379.6499938964844,366.04998779296875,368.1499938964844,359.1767883300781,33143064,393.26750030517576,351.9720013427734,1,0.0,NULL
2021-03-18,371.5,375.0,361.1000061035156,367.1000061035156,358.1523742675781,39405038,391.0350006103516,353.67900146484374,1,0.0,NULL
2021-03-19,363.95001220703125,372.8999938964844,357.25,371.1499938964844,362.1036682128906,60309145,388.8324996948242,355.40100158691405,1,0.0,NULL
2021-03-22,372.0,372.79998779296875,363.5,367.0,358.0548095703125,28461974,387.20500030517576,356.98700134277345,1,0.0,NULL
2021-03-23,368.70001220703125,377.95001220703125,367.04998779296875,372.70001220703125,363.61590576171875,41032380,386.36500091552733,358.72100158691404,1,0.0,NULL
2021-03-24,368.5,369.04998779296875,358.6499938964844,359.8500061035156,351.0791015625,42318999,384.57750091552737,360.2680017089844,1,0.0,NULL
2021-03-25,360.0,360.8500061035156,345.20001220703125,355.20001220703125,346.5424499511719,57495003,382.0250015258789,361.522001953125,1,0.0,NULL
2021-03-26,360.0,362.0,354.54998779296875,357.20001220703125,348.4936828613281,40718848,379.52250213623046,362.5300024414062,1,0.0,NULL
2021-03-30,360.1000061035156,364.29998779296875,356.29998779296875,360.79998779296875,352.00592041015625,39405124,378.0550018310547,363.60100219726564,1,0.0,NULL
2021-03-31,360.29998779296875,367.8500061035156,357.95001220703125,364.29998779296875,355.42059326171875,38651025,376.5225006103516,364.8100018310547,1,0.0,NULL
2021-04-01,367.70001220703125,371.8999938964844,363.1000061035156,370.6499938964844,361.6158447265625,31883453,375.3449996948242,366.33400146484377,1,0.0,NULL
2021-04-05,367.5,369.20001220703125,349.04998779296875,353.54998779296875,344.9326477050781,51743981,372.7699996948242,367.4330010986328,1,0.0,NULL
2021-04-06,355.70001220703125,357.0,349.29998779296875,350.54998779296875,342.0057678222656,44147709,370.51499938964844,368.3930010986328,1,0.0,NULL
2021-04-07,351.25,363.20001220703125,347.6000061035156,358.54998779296875,349.8107604980469,48023602,369.25999908447267,369.66700073242185,0,-1.0,NULL
2021-04-08,361.0,363.29998779296875,354.29998779296875,355.6000061035156,346.93267822265625,33370259,367.5599990844727,371.10500061035157,0,0.0,NULL
2021-04-09,354.3999938964844,364.5,351.20001220703125,353.0,344.3960266113281,46473100,365.8299987792969,372.54600036621093,0,0.0,NULL
2021-04-12,344.0,344.0,322.54998779296875,328.8500061035156,320.8346862792969,75501713,362.8874984741211,373.61000061035156,0,0.0,NULL
2021-04-13,332.0,342.25,330.5,341.0,332.68853759765625,49773360,360.8824981689453,374.78300048828123,0,0.0,NULL
2021-04-15,342.1000061035156,347.54998779296875,336.1000061035156,342.70001220703125,334.34710693359375,52992349,358.82249908447267,375.99500061035155,0,0.0,NULL
2021-04-16,343.0,345.5,338.6499938964844,339.8999938964844,331.6153259277344,37766793,356.88999938964844,376.5790002441406,0,0.0,NULL
2021-04-19,327.1499938964844,332.04998779296875,321.29998779296875,331.1499938964844,323.07861328125,53304377,355.0399993896484,376.54,0,0.0,NULL
2021-04-20,335.1000061035156,339.8999938964844,326.70001220703125,329.5,321.4688415527344,41296147,353.15999908447264,376.4109997558594,0,0.0,NULL
2021-04-22,326.0,337.6499938964844,323.29998779296875,336.6499938964844,328.444580078125,49105833,351.4349990844727,376.04199951171876,0,0.0,NULL
2021-04-23,331.6499938964844,339.8999938964844,331.6499938964844,336.45001220703125,328.24945068359375,44223940,349.9074996948242,374.90899963378905,0,0.0,NULL
2021-04-26,339.25,347.45001220703125,339.25,344.29998779296875,335.9080810546875,49234985,348.4874984741211,373.85399963378904,0,0.0,NULL
2021-04-27,344.0,354.95001220703125,342.3999938964844,353.04998779296875,344.4447937011719,46003023,348.1474975585937,373.01899963378906,0,0.0,NULL
2021-04-28,357.0,364.29998779296875,356.04998779296875,363.3999938964844,354.5425720214844,56696255,348.55749664306643,372.44199951171873,0,0.0,NULL
2021-04-29,365.0,369.95001220703125,355.5,359.3999938964844,350.6400451660156,63692926,348.66749572753906,371.8269995117187,0,0.0,NULL
2021-04-30,353.45001220703125,362.5,350.45001220703125,353.5,344.8838806152344,53832840,348.3024963378906,371.03399963378905,0,0.0,NULL
2021-05-03,349.6000061035156,352.5,341.3999938964844,350.6000061035156,342.0545654296875,43691860,347.617497253418,369.90699951171877,0,0.0,NULL
2021-05-04,355.0,362.8999938964844,350.20001220703125,351.5,342.9326171875,57749307,346.6599975585938,368.88999938964844,0,0.0,NULL
2021-05-05,356.5,357.45001220703125,348.0,355.3999938964844,346.737548828125,40872501,346.7524978637695,367.76299926757815,0,0.0,NULL
2021-05-06,358.0,359.3500061035156,350.54998779296875,355.54998779296875,346.8838806152344,36294427,347.0024978637695,366.5699987792969,0,0.0,NULL
2021-05-07,357.5,362.0,353.0,358.25,349.5180969238281,38357618,346.9874984741211,365.7439990234375,0,0.0,NULL
2021-05-10,360.5,367.0,358.79998779296875,361.70001220703125,352.8840026855469,41739324,347.29249877929686,365.1879992675781,0,0.0,NULL
2021-05-11,356.8500061035156,366.3999938964844,354.75,364.6499938964844,355.7620849609375,41892770,347.87499847412107,364.5689990234375,0,0.0,NULL
2021-05-12,362.79998779296875,373.5,361.8999938964844,367.70001220703125,358.7377624511719,53436590,349.8174987792969,363.7979992675781,0,0.0,NULL
2021-05-14,370.0,372.5,359.54998779296875,360.45001220703125,351.6644592285156,51722170,350.7899993896484,362.86199951171875,0,0.0,NULL
2021-05-17,364.3999938964844,385.20001220703125,363.6499938964844,383.1000061035156,373.7624206542969,106555796,352.8099990844727,362.7209997558594,0,0.0,NULL
2021-05-18,390.0,392.54998779296875,380.04998779296875,382.25,372.93310546875,70917710,354.92749938964846,362.46699951171877,0,0.0,NULL
2021-05-19,382.0,389.5,381.20001220703125,384.3999938964844,375.03070068359375,48189573,357.5899993896484,362.2709991455078,0,0.0,NULL
2021-05-20,387.0,387.79998779296875,382.0,384.54998779296875,375.1770324707031,42898608,360.3424987792969,361.86099914550783,0,0.0,NULL
2021-05-21,390.0,404.3999938964844,378.0,401.20001220703125,391.4212341308594,192810772,363.5699996948242,361.97199951171876,1,1.0,SELL
2021-05-24,417.0,419.20001220703125,405.29998779296875,412.04998779296875,402.0067443847656,142964052,367.3499984741211,362.5399993896484,1,0.0,NULL
2021-05-25,415.1000061035156,415.5,408.5,412.3500061035156,402.2994689941406,56048127,370.75249938964845,362.99499938964846,1,0.0,NULL
2021-05-26,413.79998779296875,418.75,410.79998779296875,413.54998779296875,403.47021484375,52357719,373.7774993896484,363.5139990234375,1,0.0,NULL
2021-05-27,413.70001220703125,429.1000061035156,412.0,425.20001220703125,414.83624267578125,73392997,376.8675003051758,364.2639990234375,1,0.0,NULL
2021-05-28,430.5,433.6499938964844,420.04998779296875,422.04998779296875,411.7630310058594,65137568,380.0,365.08299865722654,1,0.0,NULL
2021-05-31,421.0,426.0,418.0,424.3500061035156,414.0069580078125,38291043,383.5425003051758,365.8919989013672,1,0.0,NULL
2021-06-01,426.04998779296875,435.3500061035156,425.6000061035156,432.54998779296875,422.007080078125,59299647,387.63999938964844,366.9719989013672,1,0.0,NULL
2021-06-02,430.79998779296875,437.95001220703125,429.1499938964844,437.25,426.592529296875,38657806,391.92749938964846,368.3539990234375,1,0.0,NULL
2021-06-03,437.0,441.95001220703125,433.5,439.6499938964844,432.8941955566406,38909199,396.13999938964844,369.80499877929685,1,0.0,NULL
2021-06-04,437.5,441.8999938964844,431.75,433.6000061035156,426.9371643066406,36898769,400.0425003051758,371.0539990234375,1,0.0,NULL
2021-06-07,435.1000061035156,437.3999938964844,430.79998779296875,432.25,425.60791015625,20201197,403.7425003051758,372.3589990234375,1,0.0,NULL
2021-06-08,432.25,432.5,424.0,427.20001220703125,420.6355285644531,31113823,407.01750030517576,373.4489990234375,1,0.0,NULL
2021-06-09,427.5,432.29998779296875,418.20001220703125,421.45001220703125,414.973876953125,27784834,409.8575012207031,374.6809991455078,1,0.0,NULL
2021-06-10,424.8999938964844,433.29998779296875,422.3999938964844,432.25,425.60791015625,27397712,413.0850006103516,376.2219989013672,1,0.0,NULL
2021-06-11,434.8500061035156,435.5,425.25,429.6000061035156,422.9986267089844,26831924,416.5425003051758,377.66999877929686,1,0.0,NULL
2021-06-14,427.0,432.45001220703125,416.70001220703125,430.3500061035156,423.73712158203125,30106015,418.9050003051758,379.0609991455078,1,0.0,NULL
2021-06-15,429.20001220703125,432.79998779296875,428.0,429.5,422.9001770019531,16413658,421.26750030517576,380.36499938964846,1,0.0,NULL
2021-06-16,428.0,432.75,425.0,425.95001220703125,419.40472412109375,19701175,423.3450012207031,381.4709997558594,1,0.0,NULL
2021-06-17,421.0,425.95001220703125,416.6000061035156,420.25,413.79229736328125,23048331,425.1300018310547,382.805,1,0.0,NULL
2021-06-18,423.8999938964844,423.8999938964844,402.6499938964844,412.8999938964844,406.55523681640625,45748727,425.71500091552736,384.0520001220703,1,0.0,NULL
2021-06-21,406.3500061035156,421.0,400.5,419.75,413.29998779296875,33128978,426.1000015258789,385.27600036621095,1,0.0,NULL
2021-06-22,423.0,425.45001220703125,417.29998779296875,418.6499938964844,412.2168884277344,28442965,426.41500091552734,386.5370001220703,1,0.0,NULL
2021-06-23,421.1000061035156,424.75,415.0,418.8500061035156,412.413818359375,27564829,426.6800018310547,387.85400024414065,1,0.0,NULL
2021-06-24,420.3500061035156,422.75,416.29998779296875,417.20001220703125,410.7891845703125,19214547,426.2800018310547,389.6210003662109,1,0.0,NULL
2021-06-25,421.0,431.0,419.04998779296875,428.79998779296875,422.2109069824219,29886797,426.6175018310547,391.3770001220703,1,0.0,NULL
2021-06-28,430.70001220703125,433.1499938964844,424.54998779296875,426.75,420.1924133300781,29370660,426.7375015258789,393.05799987792966,1,0.0,NULL
2021-06-29,427.5,428.95001220703125,420.54998779296875,421.5,415.0231018066406,22275961,426.1850021362305,394.69,1,0.0,NULL
2021-06-30,423.0,424.8999938964844,418.29998779296875,419.20001220703125,412.7584533691406,18337773,425.28250274658205,396.45100036621096,1,0.0,NULL
2021-07-01,420.29998779296875,423.70001220703125,417.1499938964844,420.3999938964844,413.94000244140625,16161469,424.320002746582,398.2690002441406,1,0.0,NULL
2021-07-02,420.29998779296875,425.3999938964844,419.0,424.3999938964844,417.8785400390625,16423811,423.8600021362305,400.0240002441406,1,0.0,NULL
2021-07-05,426.5,434.5,424.25,432.6499938964844,426.00177001953125,16483761,423.8800018310547,401.9479998779297,1,0.0,NULL
2021-07-06,431.70001220703125,436.5,428.20001220703125,429.75,423.1463317871094,20195278,424.00750122070315,403.6570001220703,1,0.0,NULL
2021-07-07,429.3500061035156,434.0,427.54998779296875,432.8500061035156,426.1986999511719,14473774,424.57750091552737,405.25300048828126,1,0.0,NULL
2021-07-08,432.79998779296875,435.3999938964844,422.1000061035156,424.45001220703125,417.9277648925781,21433043,424.18750152587893,406.4740008544922,1,0.0,NULL
2021-07-09,425.0,427.5,421.04998779296875,423.75,417.238525390625,16844494,423.89500122070314,407.7610009765625,1,0.0,NULL
2021-07-12,426.5,430.25,424.6000061035156,427.45001220703125,420.8816833496094,12886781,423.75000152587893,409.2400012207031,1,0.0,NULL
2021-07-13,430.0,431.79998779296875,428.29998779296875,429.1000061035156,422.5063171386719,12831125,423.73000183105466,410.8100012207031,1,0.0,NULL
2021-07-14,429.0,432.29998779296875,426.3999938964844,431.04998779296875,424.42633056640625,12767351,423.98500061035156,412.4010009765625,1,0.0,NULL
2021-07-15,432.70001220703125,432.95001220703125,429.6499938964844,431.70001220703125,425.0663757324219,11030732,424.5575012207031,413.92700134277345,1,0.0,NULL
2021-07-16,432.0,432.5,427.45001220703125,430.0,423.3924865722656,8713863,425.4125015258789,415.41600158691404,1,0.0,NULL
2021-07-19,423.3999938964844,429.45001220703125,418.8500061035156,427.8999938964844,421.3247375488281,14426686,425.82000122070315,416.80900146484373,1,0.0,NULL
2021-07-20,427.0,427.0,418.8999938964844,420.8999938964844,414.43231201171875,14623321,425.9325012207031,417.9930010986328,1,0.0,NULL
2021-07-22,425.54998779296875,426.70001220703125,420.8999938964844,422.04998779296875,415.56463623046875,11799761,426.0925003051758,419.1410009765625,1,0.0,NULL
2021-07-23,422.8999938964844,429.95001220703125,419.5,428.8999938964844,422.30938720703125,17704661,426.67749938964846,420.36500061035156,1,0.0,NULL
2021-07-26,427.79998779296875,427.79998779296875,422.29998779296875,423.29998779296875,416.7954406738281,14037519,426.4024993896484,421.6220001220703,1,0.0,NULL
2021-07-27,424.1499938964844,433.25,424.0,429.95001220703125,423.34326171875,24119619,426.5625,422.55900024414063,1,0.0,NULL
2021-07-28,430.0,430.5,421.04998779296875,425.5,418.9616394042969,17636515,426.7625,423.42400024414064,1,0.0,NULL
2021-07-29,426.0,443.6000061035156,425.5,441.54998779296875,434.7649841308594,35263606,427.8799987792969,424.56700012207034,1,0.0,NULL
2021-07-30,441.5,444.3999938964844,430.70001220703125,431.79998779296875,425.1648254394531,35196813,428.4499984741211,425.51200012207033,1,0.0,NULL
2021-08-02,434.75,436.70001220703125,431.79998779296875,434.8999938964844,428.2171936035156,16926025,428.9749984741211,426.18599975585937,1,0.0,NULL
2021-08-03,434.95001220703125,447.8999938964844,433.6000061035156,446.5,439.6389465332031,40922962,429.66749877929686,426.875,1,0.0,NULL
2021-08-04,448.6499938964844,467.45001220703125,441.5,456.95001220703125,449.9283752441406,129761158,431.0274993896484,427.7670001220703,1,0.0,NULL
2021-08-05,461.0,462.5,438.3999938964844,441.8500061035156,435.0603942871094,58595639,431.4774993896484,428.33300048828124,1,0.0,NULL
2021-08-06,443.70001220703125,447.0,434.0,435.6499938964844,428.9556579589844,38236066,432.0374984741211,428.5420001220703,1,0.0,NULL
2021-08-09,437.8999938964844,441.79998779296875,431.0,433.3999938964844,426.740234375,22196404,432.51999816894534,428.7690002441406,1,0.0,NULL
2021-08-10,434.3999938964844,436.3999938964844,421.70001220703125,426.45001220703125,419.89703369140625,27794251,432.4699981689453,428.8110003662109,1,0.0,NULL
2021-08-11,429.79998779296875,432.8999938964844,423.1499938964844,428.04998779296875,421.4724426269531,23827946,432.417497253418,428.72100036621094,1,0.0,NULL
2021-08-12,430.0,430.45001220703125,425.0,427.1499938964844,420.5862731933594,16847144,432.2224975585938,428.5190002441406,1,0.0,NULL
2021-08-13,427.6000061035156,432.25,425.0,431.20001220703125,424.5740661621094,20908992,432.19749755859374,428.3500006103516,1,0.0,NULL
2021-08-16,430.0,434.0,424.0,424.8500061035156,418.3216247558594,17608693,431.9399978637695,428.17500061035156,1,0.0,NULL
2021-08-17,424.8500061035156,425.8500061035156,415.25,421.5,415.0231018066406,22957877,431.6199981689453,427.9600006103516,1,0.0,NULL
2021-08-18,422.1499938964844,424.3500061035156,418.0,419.70001220703125,413.2507629394531,17668574,431.5599990844727,427.81000061035155,1,0.0,NULL
2021-08-20,415.0,417.3500061035156,405.1499938964844,406.70001220703125,400.4505310058594,25541790,430.7925003051758,427.51500061035154,1,0.0,NULL
2021-08-23,411.1000061035156,413.0,401.25,409.5,403.2074890136719,26559937,429.82250061035154,427.06000061035155,1,0.0,NULL
2021-08-24,409.5,418.75,408.20001220703125,417.6000061035156,411.18304443359375,19012313,429.5375015258789,426.82000061035154,1,0.0,NULL
2021-08-25,419.0,421.29998779296875,414.29998779296875,416.25,409.853759765625,16410980,428.85250091552734,426.5380004882812,1,0.0,NULL
2021-08-26,414.5,415.79998779296875,410.0,410.75,404.43829345703125,15897679,428.11500091552733,426.1630004882812,1,0.0,NULL
2021-08-27,410.3500061035156,414.3500061035156,407.5,412.45001220703125,406.1121826171875,15090541,426.66000213623045,425.89300048828125,1,0.0,NULL
2021-08-30,414.3999938964844,423.29998779296875,413.5,422.70001220703125,416.2046813964844,20308691,426.2050033569336,425.9420007324219,1,0.0,NULL
2021-08-31,423.8500061035156,427.0,418.70001220703125,426.04998779296875,419.503173828125,26262421,425.7625030517578,426.2050006103516,0,-1.0,NULL
2021-09-01,427.5,432.54998779296875,425.1499938964844,429.8999938964844,423.29400634765625,18776721,424.93250274658203,426.40800048828123,0,0.0,NULL
2021-09-02,431.3999938964844,433.5,427.75,429.75,423.1463317871094,14372717,423.57250213623047,426.63000061035154,0,0.0,NULL
2021-09-03,431.25,434.29998779296875,428.20001220703125,431.3999938964844,424.7709655761719,14233624,423.0500015258789,426.8810003662109,0,0.0,NULL
2021-09-06,432.0,433.8500061035156,430.04998779296875,431.04998779296875,424.42633056640625,10694099,422.82000122070315,427.1579998779297,0,0.0,NULL
2021-09-07,431.04998779296875,431.70001220703125,425.1000061035156,429.1000061035156,422.5063171386719,14928735,422.60500183105466,427.16400024414065,0,0.0,NULL
2021-09-08,429.0,435.3999938964844,427.3500061035156,431.3500061035156,424.72174072265625,22817464,422.8500015258789,427.2560003662109,0,0.0,NULL
2021-09-09,430.25,433.79998779296875,430.0,432.29998779296875,425.6571350097656,9662128,423.06250152587893,427.4720001220703,0,0.0,NULL
2021-09-13,430.1000061035156,433.79998779296875,428.79998779296875,432.8500061035156,426.1986999511719,9567921,423.34750213623045,427.745,0,0.0,NULL
2021-09-14,435.0,436.75,432.25,433.0,426.34637451171875,9981562,423.43750152587893,427.9970001220703,0,0.0,NULL
2021-09-15,433.0,445.0,431.45001220703125,443.8500061035156,437.0296630859375,22181568,424.3875015258789,428.38600036621096,0,0.0,NULL
2021-09-16,444.8500061035156,466.1000061035156,442.75,463.70001220703125,456.57464599609375,42637448,426.4975021362305,429.0070007324219,0,0.0,NULL
2021-09-17,468.0,471.8999938964844,450.3500061035156,454.1000061035156,447.1221618652344,41529478,428.2175018310547,429.4940008544922,0,0.0,NULL
2021-09-20,449.3999938964844,453.5,435.6499938964844,437.45001220703125,430.72802734375,18376916,429.7550018310547,429.5860009765625,1,1.0,SELL
2021-09-21,440.1499938964844,441.3500061035156,432.6499938964844,438.79998779296875,432.0572509765625,17279588,431.2200012207031,429.87300048828126,1,0.0,NULL
2021-09-22,438.8999938964844,442.79998779296875,436.1000061035156,438.8500061035156,432.10650634765625,14321143,432.2825012207031,430.17500061035156,1,0.0,NULL
2021-09-23,442.3999938964844,451.1499938964844,442.04998779296875,449.79998779296875,442.8882141113281,20516770,433.9600006103516,430.6220001220703,1,0.0,NULL
2021-09-24,451.1000061035156,451.8999938964844,440.0,440.75,433.977294921875,10731274,435.4600006103516,430.855,1,0.0,NULL
2021-09-27,444.8999938964844,450.54998779296875,442.25,446.6000061035156,439.7373962402344,11746892,437.1675003051758,431.16600036621094,1,0.0,NULL
2021-09-28,449.20001220703125,455.79998779296875,439.6000061035156,444.8999938964844,438.0635070800781,19241170,438.2774993896484,431.43,1,0.0,NULL
2021-09-29,441.8500061035156,462.29998779296875,439.1000061035156,460.0,452.9314880371094,38635938,439.975,432.03,1,0.0,NULL
2021-09-30,459.95001220703125,464.8999938964844,451.3999938964844,453.0,446.0390625,26530369,441.13000030517577,432.5320001220703,1,0.0,NULL
2021-10-01,448.5,455.54998779296875,443.79998779296875,451.6499938964844,444.7098083496094,14777309,442.225,433.1470001220703,1,0.0,NULL
2021-10-04,453.79998779296875,464.3999938964844,451.6000061035156,463.1499938964844,456.0330810546875,16246765,443.8125,433.9690002441406,1,0.0,NULL
2021-10-05,462.0,469.0,458.70001220703125,464.70001220703125,457.5592956542969,16487568,445.4950012207031,434.68500061035155,1,0.0,NULL
2021-10-06,465.0,471.0,453.6499938964844,457.20001220703125,450.1745300292969,19056690,446.9000015258789,435.3630010986328,1,0.0,NULL
2021-10-07,462.1000061035156,464.0,457.1000061035156,457.8999938964844,450.86376953125,9984651,448.22750091552734,435.92200073242185,1,0.0,NULL
2021-10-08,461.8999938964844,464.0,454.25,458.0,450.96221923828125,16521128,449.5125015258789,436.5720007324219,1,0.0,NULL
2021-10-11,460.0,474.95001220703125,458.6499938964844,469.25,462.03936767578125,20686981,451.33250122070314,437.1260009765625,1,0.0,NULL
2021-10-12,470.0,484.3999938964844,468.1000061035156,483.0,475.57806396484375,33763609,453.83250122070314,438.15000122070313,1,0.0,NULL
2021-10-13,486.1499938964844,486.1499938964844,478.0,481.70001220703125,474.2980651855469,17638983,455.7250015258789,439.08600158691405,1,0.0,NULL
2021-10-14,482.0,493.8999938964844,482.0,490.6000061035156,483.061279296875,23431826,457.07000122070315,439.9680017089844,1,0.0,NULL
2021-10-18,494.0,501.0,491.70001220703125,497.95001220703125,490.29833984375,20084248,459.2625015258789,440.7880017089844,1,0.0,NULL
2021-10-19,500.3500061035156,504.20001220703125,483.25,488.20001220703125,480.69818115234375,20645100,461.8000015258789,441.7150018310547,1,0.0,NULL
2021-10-20,488.79998779296875,507.5,483.1000061035156,499.8999938964844,492.2183837890625,34080545,464.85500183105466,443.0000018310547,1,0.0,NULL
2021-10-21,504.8999938964844,506.5,491.75,502.95001220703125,495.2215270996094,20808243,468.0600021362305,444.3910021972656,1,0.0,NULL
2021-10-22,504.6000061035156,508.70001220703125,500.0,502.95001220703125,495.2215270996094,24080485,470.7175033569336,445.92100219726564,1,0.0,NULL
2021-10-25,506.5,515.4500122070312,497.8500061035156,506.5,498.7169494628906,35619415,474.00500335693357,447.49000244140626,1,0.0,NULL
2021-10-26,507.6000061035156,518.2000122070312,507.6000061035156,512.5499877929688,504.6739807128906,21107457,477.30250244140626,449.19800231933596,1,0.0,NULL
2021-10-27,513.7000122070312,526.8499755859375,512.75,519.1500244140625,511.172607421875,29463032,481.01500396728517,450.9570025634766,1,0.0,NULL
2021-10-28,519.5999755859375,520.5499877929688,497.6000061035156,501.3500061035156,493.6461181640625,28140401,483.08250427246094,452.48700256347655,1,0.0,NULL
2021-10-29,501.5,512.6500244140625,488.3999938964844,502.1499938964844,494.4338073730469,31355893,485.54000396728514,454.1000024414063,1,0.0,NULL
2021-11-01,508.5,516.9500122070312,501.0,515.7000122070312,507.7756042480469,20679604,488.7425048828125,456.02000244140623,1,0.0,NULL
2021-11-02,514.7999877929688,525.0,512.0499877929688,521.7000122070312,513.6834106445312,26797820,491.67000579833984,458.32000244140625,1,0.0,NULL
2021-11-03,524.0,542.2999877929688,515.2000122070312,527.6500244140625,519.5419921875,80775924,494.81750640869143,460.6830029296875,1,0.0,NULL
2021-11-04,531.5,535.9000244140625,528.0499877929688,530.4500122070312,522.2989501953125,9796046,498.4800064086914,462.9400030517578,1,0.0,NULL
2021-11-08,534.4500122070312,534.4500122070312,516.4500122070312,523.25,515.2095947265625,36802110,501.7475067138672,465.0800030517578,1,0.0,NULL
2021-11-09,526.25,532.0,522.2000122070312,529.1500244140625,521.0189208984375,25451967,505.3050079345703,467.44800354003905,1,0.0,NULL
2021-11-10,525.5499877929688,528.5,521.5,524.4000244140625,516.3419189453125,15805538,508.06250915527346,469.6870037841797,1,0.0,NULL
2021-11-11,522.8499755859375,522.8499755859375,507.1000061035156,509.6000061035156,501.7693176269531,23086898,509.3925094604492,471.42500366210936,1,0.0,NULL
2021-11-12,512.0,513.0,502.70001220703125,511.3500061035156,503.492431640625,19836221,510.87500915527346,473.1310040283203,1,0.0,NULL
2021-11-15,512.4000244140625,515.9000244140625,505.5,506.54998779296875,498.76617431640625,13328183,511.6725082397461,474.66400390625,1,0.0,NULL
2021-11-16,507.3999938964844,507.3999938964844,493.5,495.1000061035156,487.4921569824219,19553216,511.53000793457034,475.9710040283203,1,0.0,NULL
2021-11-17,493.8500061035156,505.3999938964844,491.0,498.1499938964844,490.4952697753906,20488483,512.027507019043,477.30600402832033,1,0.0,NULL
2021-11-18,499.1000061035156,506.20001220703125,492.29998779296875,503.79998779296875,496.0584411621094,22471070,512.2225067138672,478.7610040283203,1,0.0,NULL
2021-11-22,506.0,506.0,477.5,486.3999938964844,478.9258117675781,28800269,511.39500579833987,479.90700378417966,1,0.0,NULL
2021-11-23,485.25,495.3999938964844,480.0,493.04998779296875,485.4736328125,20000371,510.9000045776367,481.14100341796876,1,0.0,NULL
2021-11-24,495.79998779296875,500.0,489.04998779296875,493.1499938964844,485.57208251953125,13963769,510.2325042724609,482.3580035400391,1,0.0,NULL
2021-11-25,490.0,495.45001220703125,486.29998779296875,490.54998779296875,483.0120544433594,12894211,509.13250427246095,483.51200317382813,1,0.0,NULL
2021-11-26,486.25,487.8999938964844,467.1000061035156,470.5,463.2701416015625,26305817,506.7000030517578,484.26200317382813,1,0.0,NULL
2021-11-29,470.0,477.75,454.29998779296875,465.1000061035156,457.953125,22407465,504.8875030517578,484.68700317382815,1,0.0,NULL
2021-11-30,468.0,477.25,458.0,460.54998779296875,453.4730224609375,23026652,502.80750274658203,484.6240026855469,1,0.0,NULL
2021-12-01,464.45001220703125,477.25,464.0,475.29998779296875,467.9963684082031,17156956,500.7875015258789,485.0480023193359,1,0.0,NULL
2021-12-02,474.5,478.1499938964844,470.95001220703125,477.0,469.6702575683594,12962679,498.55250091552733,485.8390020751953,1,0.0,NULL
2021-12-03,475.75,481.5,470.04998779296875,473.1499938964844,465.8794250488281,16653993,495.82749938964844,486.5260021972656,1,0.0,NULL
2021-12-06,473.1499938964844,477.0,463.79998779296875,465.29998779296875,458.1500549316406,14353300,492.5699981689453,487.0550018310547,1,0.0,NULL
2021-12-07,469.20001220703125,479.70001220703125,469.20001220703125,476.70001220703125,469.3748779296875,13644942,490.24249877929685,487.59300231933594,1,0.0,NULL
2021-12-08,480.8999938964844,492.3999938964844,480.25,491.54998779296875,483.9966735839844,20397660,488.3624969482422,488.6090020751953,0,-1.0,NULL
2021-12-09,492.29998779296875,493.5,486.1000061035156,488.6499938964844,481.1412353515625,12560970,486.57499542236326,489.4500018310547,0,0.0,NULL
2021-12-10,488.5,495.95001220703125,484.3999938964844,494.70001220703125,487.0982971191406,13261408,485.8299957275391,490.4460021972656,0,0.0,NULL
2021-12-13,497.75,500.45001220703125,486.3500061035156,487.79998779296875,480.3042907714844,14047645,484.6524948120117,491.002001953125,0,0.0,NULL
2021-12-14,486.0,490.3500061035156,481.79998779296875,488.54998779296875,481.04278564453125,11642447,483.7524948120117,491.7130017089844,0,0.0,NULL
2021-12-15,490.0,491.0,483.5,484.79998779296875,477.35040283203125,8639835,483.23749389648435,492.3760015869141,0,0.0,NULL
2021-12-16,488.3500061035156,490.54998779296875,478.25,481.1499938964844,473.7565002441406,11107781,482.3874938964844,492.7360015869141,0,0.0,NULL
2021-12-17,480.04998779296875,481.3999938964844,466.5,467.79998779296875,460.61163330078125,12648603,480.5874938964844,492.7980010986328,0,0.0,NULL
2021-12-20,459.0,464.0,443.0,449.20001220703125,442.2974548339844,22336114,478.72749481201174,492.6380010986328,0,0.0,NULL
2021-12-21,457.04998779296875,458.25,444.5,446.0,439.1466369628906,16617447,476.37499542236327,492.40000122070313,0,0.0,NULL
2021-12-22,450.0,457.29998779296875,449.0,455.8500061035156,448.84527587890625,13102553,474.50999603271487,492.35700134277346,0,0.0,NULL
2021-12-23,461.0,465.0,457.75,461.79998779296875,454.7038269042969,14471377,473.07249603271487,492.2080010986328,0,0.0,NULL
2021-12-24,462.6000061035156,463.6000061035156,452.20001220703125,456.95001220703125,449.9283752441406,13221159,472.3949966430664,491.68700134277344,0,0.0,NULL
2021-12-27,453.70001220703125,460.5,450.54998779296875,458.04998779296875,451.0114440917969,8856482,472.04249572753906,491.2140008544922,0,0.0,NULL
2021-12-28,461.20001220703125,462.8999938964844,459.04998779296875,461.20001220703125,454.1130676269531,8832210,472.0749969482422,490.6260009765625,0,0.0,NULL
2021-12-29,461.0,462.1499938964844,451.3999938964844,454.3999938964844,447.41754150390625,11757303,471.02999725341795,489.75500061035154,0,0.0,NULL
2021-12-30,452.75,454.8999938964844,448.5,451.70001220703125,444.759033203125,28879190,469.7649978637695,489.0250006103516,0,0.0,NULL
2021-12-31,454.25,461.3999938964844,453.1000061035156,460.45001220703125,453.3746032714844,10005842,469.1299987792969,488.2360009765625,0,0.0,NULL
2022-01-03,462.0,472.0,460.1000061035156,470.79998779296875,463.5655212402344,13124509,469.4049987792969,487.59300048828123,0,0.0,NULL
2022-01-04,472.5,484.70001220703125,471.04998779296875,483.5,476.07037353515625,23296671,469.7449981689453,487.2040002441406,0,0.0,NULL
2022-01-05,481.8999938964844,495.0,479.1499938964844,492.3999938964844,484.8336181640625,24694169,469.7874984741211,486.9220001220703,0,0.0,NULL
2022-01-06,487.70001220703125,494.3999938964844,485.3999938964844,491.70001220703125,484.1444091796875,18190843,469.93999938964845,486.50500061035154,0,0.0,NULL
2022-01-07,493.45001220703125,501.95001220703125,489.45001220703125,491.25,483.7012939453125,22746330,469.7674987792969,485.94700012207034,0,0.0,NULL
2022-01-10,493.3500061035156,504.95001220703125,492.5,503.6499938964844,495.9107360839844,15832274,470.5599990844727,485.99299987792966,0,0.0,NULL
2022-01-11,503.0,507.79998779296875,499.25,505.95001220703125,498.1754150390625,16107950,471.4300003051758,486.0690002441406,0,0.0,NULL
2022-01-12,509.8999938964844,513.5,508.5,510.25,502.4093322753906,14489616,472.70250091552737,485.96,0,0.0,NULL
2022-01-13,510.0,512.8499755859375,507.0,511.3500061035156,503.492431640625,10450974,474.2125015258789,485.7529998779297,0,0.0,NULL
2022-01-14,509.0,510.3500061035156,505.1499938964844,508.3500061035156,500.5385437011719,8724574,476.24000244140626,485.36699951171875,0,0.0,NULL
2022-01-17,508.0,518.9000244140625,507.54998779296875,514.0,506.1017150878906,17422211,479.48000183105466,485.03799926757813,0,0.0,NULL
2022-01-18,514.0,517.4500122070312,505.0,506.79998779296875,499.0123291015625,12592506,482.52000122070314,484.7089990234375,0,0.0,NULL
2022-01-19,505.0,517.6500244140625,500.29998779296875,515.7999877929688,507.8740539550781,16079457,485.51750030517576,484.44199829101564,1,1.0,SELL
2022-01-20,516.0,519.1500244140625,508.0,511.3999938964844,503.5416564941406,17724642,487.99750061035155,484.18199768066404,1,0.0,NULL
2022-01-21,505.29998779296875,507.5,498.0,502.70001220703125,494.9753723144531,16947941,490.2850006103516,484.0439978027344,1,0.0,NULL
2022-01-24,502.3999938964844,506.79998779296875,488.0,494.1499938964844,486.5567321777344,20233933,492.09000091552736,483.69999755859374,1,0.0,NULL
2022-01-25,490.0,517.5,489.0,514.6500244140625,506.74176025390625,21791739,494.7625015258789,483.86199829101565,1,0.0,NULL
2022-01-27,503.54998779296875,530.8499755859375,503.20001220703125,528.9500122070312,520.822021484375,35409230,498.49000244140626,484.53899841308595,1,0.0,NULL
2022-01-28,534.0,536.4000244140625,521.4000244140625,523.4500122070312,515.406494140625,24715250,502.07750244140624,485.04499877929686,1,0.0,NULL
2022-01-31,529.0,540.9000244140625,527.0499877929688,538.2999877929688,530.0283203125,28674232,505.9700012207031,485.73499877929686,1,0.0,NULL
2022-02-01,543.9500122070312,543.9500122070312,520.0,532.2999877929688,524.1204833984375,32245356,509.0450012207031,486.6529986572266,1,0.0,NULL
2022-02-02,536.6500244140625,544.25,531.3499755859375,539.7999877929688,531.5052490234375,21661864,511.86000061035156,487.58799865722654,1,0.0,NULL
2022-02-03,537.1500244140625,544.7000122070312,537.1500244140625,540.0999755859375,531.8006591796875,22717677,514.2449996948242,488.5269982910156,1,0.0,NULL
2022-02-04,542.1500244140625,546.4000244140625,527.2999877929688,530.2999877929688,522.1512451171875,25332894,516.1749984741211,489.32199829101563,1,0.0,NULL
2022-02-07,531.9000244140625,549.0,525.25,533.25,525.055908203125,52289545,518.274998474121,490.5769982910156,1,0.0,NULL
2022-02-08,535.5,537.6500244140625,519.0,531.3499755859375,523.18505859375,26567546,519.6599975585938,491.90199768066407,1,0.0,NULL
2022-02-09,534.9500122070312,536.5,527.75,535.25,527.0252075195312,14856155,521.1249969482421,493.3959979248047,1,0.0,NULL
2022-02-10,537.0999755859375,543.9500122070312,534.4000244140625,540.5499877929688,532.2437133789062,18659370,522.6399963378906,494.7009979248047,1,0.0,NULL
2022-02-11,536.25,537.7000122070312,527.0999755859375,529.5999755859375,521.4619750976562,14607095,523.5524948120117,495.75299743652346,1,0.0,NULL
2022-02-14,515.0,515.5999755859375,499.70001220703125,501.3999938964844,493.6953125,26153332,523.2049942016602,496.31799743652346,1,0.0,NULL
2022-02-15,502.0,526.8499755859375,497.1000061035156,524.7999877929688,516.7357177734375,23842951,523.7449935913086,497.50799743652345,1,0.0,NULL
2022-02-16,526.5,528.0,514.0,516.7000122070312,508.7602233886719,19773807,524.2399948120117,498.30799743652346,1,0.0,NULL
2022-02-17,520.0,520.0,511.1499938964844,512.9500122070312,505.06787109375,16408356,524.0974960327148,498.7359979248047,1,0.0,NULL
2022-02-18,510.1000061035156,520.9000244140625,510.1000061035156,515.2999877929688,507.3817138671875,15111223,524.2924957275391,499.26899780273436,1,0.0,NULL
2022-02-21,511.54998779296875,517.5,504.6499938964844,511.8500061035156,503.9847717285156,16866932,524.7499954223633,499.61199768066405,1,0.0,NULL
2022-02-22,500.8999938964844,505.29998779296875,495.5,498.3999938964844,490.7414245605469,27108772,524.9624954223633,499.82399780273437,1,0.0,NULL
2022-02-23,503.0,505.3500061035156,497.25,498.70001220703125,491.0368347167969,13899433,524.1649948120117,500.0269982910156,1,0.0,NULL
2022-02-24,480.0,487.95001220703125,468.0,472.6499938964844,465.3871154785156,32356037,521.3499938964844,499.78399841308595,1,0.0,NULL
2022-02-25,480.0,491.8999938964844,479.29998779296875,482.95001220703125,475.5288391113281,21792287,519.3249938964843,499.8199987792969,1,0.0,NULL
2022-02-28,476.8999938964844,485.29998779296875,473.1000061035156,483.20001220703125,475.7749938964844,18069367,516.5699951171875,500.1279992675781,1,0.0,NULL
2022-03-02,478.0,479.79998779296875,467.0,474.25,466.9625244140625,22003848,513.6674957275391,500.6289990234375,1,0.0,NULL
2022-03-03,480.0,483.3999938964844,464.6000061035156,467.3999938964844,460.2177734375,20358590,510.04749603271483,501.0569989013672,1,0.0,NULL
2022-03-04,460.29998779296875,470.8999938964844,457.6499938964844,461.95001220703125,454.8515319824219,20684268,506.1399978637695,501.1789990234375,1,0.0,NULL
2022-03-07,447.5,453.95001220703125,433.45001220703125,440.29998779296875,433.5342102050781,33720472,501.6399978637695,500.7489990234375,1,0.0,NULL
2022-03-08,438.0,442.1000061035156,425.0,440.29998779296875,433.5342102050781,42510207,496.992497253418,500.41599853515623,0,-1.0,NULL
2022-03-09,442.0,454.29998779296875,438.54998779296875,451.70001220703125,444.759033203125,32331325,493.00999908447267,500.2889990234375,0,0.0,NULL
2022-03-10,469.8999938964844,476.6499938964844,461.6499938964844,468.70001220703125,461.4978332519531,34553299,489.68249969482423,500.4389990234375,0,0.0,NULL
2022-03-11,466.3999938964844,474.79998779296875,462.0,470.3500061035156,463.1224670410156,22091309,486.17250061035156,500.7579992675781,0,0.0,NULL
2022-03-14,471.0,486.0,470.54998779296875,485.1499938964844,477.6950378417969,27750689,483.9500015258789,501.4269989013672,0,0.0,NULL
2022-03-15,489.0,490.5,480.6499938964844,485.8500061035156,478.38427734375,27204899,483.1725021362305,501.93499877929685,0,0.0,NULL
2022-03-16,493.0,494.29998779296875,489.3999938964844,492.75,485.1782531738281,16211288,481.570002746582,502.3739990234375,0,0.0,NULL
2022-03-17,499.0,503.5,498.29998779296875,501.8999938964844,494.1876525878906,22947673,480.8300018310547,502.7419989013672,0,0.0,NULL
2022-03-21,502.0,502.0,489.0,490.6000061035156,483.061279296875,19064060,479.7125015258789,502.7059991455078,0,0.0,NULL
2022-03-22,490.6000061035156,495.79998779296875,477.25,493.70001220703125,486.1136474609375,26157969,478.632502746582,502.7459991455078,0,0.0,NULL
2022-03-23,498.5,502.3999938964844,489.20001220703125,490.6499938964844,483.1105041503906,15800195,477.57250213623047,502.7339990234375,0,0.0,NULL
2022-03-24,485.0,494.79998779296875,483.5,487.1000061035156,479.6150817871094,18174877,477.007502746582,502.40299926757814,0,0.0,NULL
2022-03-25,491.75,493.29998779296875,486.6000061035156,490.70001220703125,483.1597595214844,11541196,476.60750274658204,502.09799926757813,0,0.0,NULL
2022-03-28,490.95001220703125,498.6000061035156,481.95001220703125,497.5,489.8552551269531,16738684,477.8500030517578,501.84299926757814,0,0.0,NULL
2022-03-29,500.0,501.3999938964844,491.70001220703125,495.0,487.3936767578125,14301429,478.45250244140624,501.5159991455078,0,0.0,NULL
2022-03-30,499.29998779296875,500.3999938964844,492.29998779296875,494.29998779296875,486.70440673828125,16461225,479.00750122070315,501.23499877929686,0,0.0,NULL
2022-03-31,494.29998779296875,497.54998779296875,492.20001220703125,493.54998779296875,485.9659423828125,10240982,479.9725006103516,500.82599853515626,0,0.0,NULL
2022-04-01,491.0,509.75,491.0,508.20001220703125,500.3908386230469,18527226,482.0125015258789,500.8539990234375,0,0.0,NULL
2022-04-04,509.29998779296875,514.9000244140625,506.0,512.4000244140625,504.5263366699219,16257176,484.53500213623045,500.7859997558594,0,0.0,NULL
2022-04-05,514.4000244140625,516.4000244140625,507.70001220703125,509.3999938964844,501.5723876953125,13602384,487.99000244140626,500.7459997558594,0,0.0,NULL
2022-04-06,507.0,515.2000122070312,506.0,513.9500122070312,506.052490234375,13738275,491.67250366210936,500.9709997558594,0,0.0,NULL
2022-04-07,510.04998779296875,519.9000244140625,510.04998779296875,514.9500122070312,507.0371398925781,19620958,494.8350036621094,501.38700012207033,0,0.0,NULL
2022-04-08,519.5,519.5,512.3499755859375,516.0999755859375,508.16943359375,13572638,497.2050018310547,501.41599914550784,0,0.0,NULL
2022-04-11,513.5,522.0,513.2000122070312,514.9000244140625,506.9879150390625,12370288,499.43250274658203,501.13499938964844,0,0.0,NULL
2022-04-12,512.75,516.7000122070312,504.3500061035156,512.8499755859375,504.9693603515625,14460680,500.8175018310547,500.9229986572266,0,0.0,NULL
2022-04-13,514.2999877929688,520.9000244140625,513.75,517.7000122070312,509.744873046875,15440525,502.41000213623045,500.5109991455078,1,1.0,SELL
2022-04-18,512.0,515.0,504.0,509.5,501.6708679199219,14492183,503.2475021362305,500.05499938964846,1,0.0,NULL
2022-04-19,513.25,520.9500122070312,505.1000061035156,511.79998779296875,503.9355163574219,20362934,503.7425018310547,499.49499938964846,1,0.0,NULL
2022-04-20,512.0,513.7000122070312,507.0,509.29998779296875,501.47393798828125,11881305,504.67750091552733,498.8789996337891,1,0.0,NULL
2022-04-21,513.4000244140625,518.0,512.2000122070312,516.2999877929688,508.3663635253906,10035638,505.80749969482423,498.59899963378905,1,0.0,NULL
2022-04-22,512.9000244140625,513.5,499.0,500.6000061035156,492.9076232910156,16760456,506.3050003051758,497.94599975585936,1,0.0,NULL
2022-04-25,495.0,499.20001220703125,490.04998779296875,494.75,487.14752197265625,14057444,506.6875,497.2140002441406,1,0.0,NULL
2022-04-26,499.0,507.8999938964844,498.45001220703125,505.5,497.7323303222656,12137213,507.42749938964846,496.61900024414064,1,0.0,NULL
2022-04-27,500.0,502.79998779296875,491.8500061035156,497.25,489.6091003417969,12367342,507.4149993896484,495.75300048828126,1,0.0,NULL
2022-04-28,499.1499938964844,510.0,496.5,507.5,499.70159912109375,12154792,508.0399993896484,495.3110009765625,1,0.0,NULL
2022-04-29,508.1000061035156,512.5,494.0,496.29998779296875,488.6736755371094,12894773,508.13999938964844,495.20900085449216,1,0.0,NULL
2022-05-02,492.6499938964844,495.0,481.29998779296875,491.0,483.45513916015625,18590895,508.0125,494.53300109863284,1,0.0,NULL
2022-05-04,492.0,496.45001220703125,477.5,479.6499938964844,472.279541015625,14645323,506.58499908447266,493.79200073242185,1,0.0,NULL
2022-05-05,485.0,494.0,478.6499938964844,480.0,472.6241760253906,14130385,504.96499786376955,493.13300048828125,1,0.0,NULL
2022-05-06,471.0,486.1000061035156,471.0,483.95001220703125,476.51348876953125,16710020,503.6924987792969,492.5060009765625,1,0.0,NULL
2022-05-09,477.1000061035156,483.70001220703125,473.79998779296875,475.8999938964844,468.587158203125,13544947,501.78999786376954,491.78700073242186,1,0.0,NULL
2022-05-10,477.0,482.54998779296875,473.5,475.20001220703125,467.89794921875,10884328,499.80249786376953,491.3230010986328,1,0.0,NULL
2022-05-11,475.25,479.0,463.6499938964844,476.54998779296875,469.2271728515625,14771351,497.8249984741211,490.88000061035154,1,0.0,NULL
2022-05-12,473.0,473.0,456.3500061035156,462.6499938964844,455.540771484375,18947096,495.2124969482422,490.68000061035156,1,0.0,NULL
2022-05-13,469.45001220703125,477.0,439.75,444.6499938964844,437.8173522949219,61403008,491.80249786376953,489.91400024414065,1,0.0,NULL
2022-05-16,445.0,461.5,438.8500061035156,455.0,448.0083312988281,27940958,488.667497253418,489.35,0,-1.0,NULL
2022-05-17,458.29998779296875,469.6499938964844,456.1499938964844,467.29998779296875,460.11932373046875,16880698,486.55749664306643,489.21099975585935,0,0.0,NULL
2022-05-18,467.8999938964844,468.6000061035156,457.1000061035156,458.0,450.96221923828125,15644497,483.867497253418,489.0229998779297,0,0.0,NULL
2022-05-19,449.04998779296875,450.0,444.45001220703125,447.5,440.6235656738281,14201420,480.77749786376955,488.73399963378904,0,0.0,NULL
2022-05-20,454.8500061035156,464.0,454.1499938964844,462.3999938964844,455.29461669921875,13596860,478.08249816894534,489.1759997558594,0,0.0,NULL
2022-05-23,463.1000061035156,471.3999938964844,459.5,460.8999938964844,453.8176574707031,13499415,476.0974975585938,489.5879998779297,0,0.0,NULL
2022-05-24,462.3999938964844,466.79998779296875,460.20001220703125,462.04998779296875,454.9499816894531,17175179,474.4624969482422,489.7949993896484,0,0.0,NULL
2022-05-25,461.0,464.45001220703125,452.04998779296875,454.1000061035156,454.1000061035156,12728644,471.89249725341796,489.5029992675781,0,0.0,NULL
2022-05-26,456.8500061035156,470.1000061035156,452.5,468.8999938964844,468.8999938964844,17055257,470.47499694824216,489.4739990234375,0,0.0,NULL
2022-05-27,471.3999938964844,475.0,467.5,468.95001220703125,468.95001220703125,10977001,468.54749755859376,489.1499993896484,0,0.0,NULL
2022-05-30,473.0,476.8999938964844,471.1000061035156,474.6000061035156,474.6000061035156,9365470,467.4624984741211,488.92499938964846,0,0.0,NULL
2022-05-31,474.0,476.3999938964844,465.0,468.1000061035156,468.1000061035156,15441579,466.3174987792969,488.43199951171874,0,0.0,NULL
2022-06-01,468.0,472.0,464.70001220703125,468.29998779296875,468.29998779296875,9424008,465.74999847412107,487.75999938964844,0,0.0,NULL
2022-06-02,466.8999938964844,472.3500061035156,466.1499938964844,469.8500061035156,469.8500061035156,9370989,465.24249877929685,487.3449993896484,0,0.0,NULL
2022-06-03,473.25,475.5,463.5,464.5,464.5,11306291,464.26999816894534,486.7609991455078,0,0.0,NULL
2022-06-06,464.20001220703125,465.6000061035156,456.5,463.70001220703125,463.70001220703125,10661432,463.65999908447264,486.22199951171876,0,0.0,NULL
2022-06-07,461.8500061035156,465.95001220703125,460.5,463.3999938964844,463.3999938964844,7672515,463.0699981689453,485.7479992675781,0,0.0,NULL
2022-06-08,466.6000061035156,475.54998779296875,463.20001220703125,471.29998779296875,471.29998779296875,17168871,462.8074981689453,485.35999877929686,0,0.0,NULL
2022-06-09,468.95001220703125,470.8999938964844,462.45001220703125,466.95001220703125,466.95001220703125,12635601,463.02249908447266,484.7489990234375,0,0.0,NULL
2022-06-10,462.0,464.1499938964844,458.6000061035156,461.8500061035156,461.8500061035156,8621104,463.8824996948242,484.0859991455078,0,0.0,NULL
2022-06-13,454.0,454.04998779296875,442.1000061035156,445.8500061035156,445.8500061035156,13426836,463.425,483.11699951171875,0,0.0,NULL
2022-06-14,445.0,449.25,443.3500061035156,448.1000061035156,448.1000061035156,11351101,462.46500091552736,482.2079998779297,0,0.0,NULL
2022-06-15,448.95001220703125,455.45001220703125,448.6000061035156,451.3500061035156,451.3500061035156,9920926,462.13250122070315,481.07099975585936,0,0.0,NULL
2022-06-16,455.1499938964844,457.75,440.1499938964844,441.6000061035156,441.6000061035156,10780703,461.8375015258789,479.6549993896484,0,0.0,NULL
2022-06-17,440.0,447.54998779296875,437.25,441.0,441.0,14326050,460.7675018310547,478.28699951171876,0,0.0,NULL
2022-06-20,441.5,443.45001220703125,430.70001220703125,434.70001220703125,434.70001220703125,12368534,459.457502746582,476.7019995117187,0,0.0,NULL
2022-06-21,439.5,454.95001220703125,437.6000061035156,450.75,450.75,13801891,458.8925033569336,475.4179992675781,0,0.0,NULL
2022-06-22,448.75,451.20001220703125,444.6499938964844,447.6499938964844,447.6499938964844,11066447,458.570002746582,474.04899963378904,0,0.0,NULL
2022-06-23,449.0,456.45001220703125,446.0,451.3999938964844,451.3999938964844,12229833,457.695002746582,472.7789990234375,0,0.0,NULL
2022-06-24,455.79998779296875,460.3500061035156,453.20001220703125,454.25,454.25,10833364,456.96000213623046,471.60699951171875,0,0.0,NULL
2022-06-27,459.95001220703125,464.8500061035156,458.04998779296875,461.20001220703125,461.20001220703125,9509175,456.2900024414063,470.47699951171876,0,0.0,NULL
2022-06-28,458.8999938964844,465.75,458.0,464.25,464.25,13261290,456.09750213623045,469.57199951171873,0,0.0,NULL
2022-06-29,460.0,462.70001220703125,458.0,459.1000061035156,459.1000061035156,11800876,455.6375030517578,468.5179998779297,0,0.0,NULL
2022-06-30,459.0,469.29998779296875,458.6000061035156,465.8999938964844,465.8999938964844,16926328,455.44000244140625,467.65,0,0.0,NULL
2022-07-01,463.3500061035156,468.79998779296875,460.54998779296875,466.8500061035156,466.8500061035156,9405495,455.55750274658203,466.66100036621094,0,0.0,NULL
2022-07-04,466.8500061035156,474.1499938964844,466.8500061035156,473.45001220703125,473.45001220703125,9186358,456.04500274658204,466.11800048828127,0,0.0,NULL
2022-07-05,475.1499938964844,480.0,471.0,472.1499938964844,472.1499938964844,12003244,456.48250274658204,465.66600036621094,0,0.0,NULL
2022-07-06,475.1499938964844,481.0,473.8999938964844,479.95001220703125,479.95001220703125,12059857,456.91500396728514,465.1550006103516,0,0.0,NULL
2022-07-07,484.0,488.25,481.6000061035156,486.75,486.75,11497832,457.9050033569336,464.94500061035154,0,0.0,NULL
2022-07-08,489.0,489.8999938964844,485.1499938964844,488.54998779296875,488.54998779296875,9057231,459.24000244140626,464.5660003662109,0,0.0,NULL
2022-07-11,485.0,491.29998779296875,485.0,488.20001220703125,488.20001220703125,7704792,461.35750274658204,464.4040008544922,0,0.0,NULL
2022-07-12,485.0,491.3500061035156,483.1000061035156,484.95001220703125,484.95001220703125,7364457,463.2000030517578,464.28300109863284,0,0.0,NULL
2022-07-13,487.75,492.45001220703125,484.54998779296875,486.5,486.5,8208853,464.957502746582,464.4200012207031,1,1.0,SELL
2022-07-14,486.6000061035156,488.8999938964844,476.79998779296875,479.3500061035156,479.3500061035156,9385630,466.84500274658205,464.4070013427734,1,0.0,NULL
2022-07-15,482.54998779296875,484.3999938964844,474.70001220703125,479.1000061035156,479.1000061035156,6945602,468.7500030517578,464.3100012207031,1,0.0,NULL
2022-07-18,484.54998779296875,491.5,482.1000061035156,490.29998779296875,490.29998779296875,9934786,471.5300018310547,464.59800109863284,1,0.0,NULL
2022-07-19,488.0,498.54998779296875,488.0,497.95001220703125,497.95001220703125,11724183,473.89000244140624,465.0530010986328,1,0.0,NULL
2022-07-20,501.0,510.6000061035156,500.3999938964844,508.6000061035156,508.6000061035156,19280117,476.9375030517578,465.6940014648437,1,0.0,NULL
2022-07-21,509.79998779296875,513.4000244140625,506.75,512.0499877929688,512.0499877929688,13814893,479.97000274658205,466.68200134277345,1,0.0,NULL
2022-07-22,513.4500122070312,520.2000122070312,511.20001220703125,513.7000122070312,513.7000122070312,14699129,482.94250335693357,468.06300170898436,1,0.0,NULL
2022-07-25,513.4000244140625,519.0,509.1499938964844,517.7999877929688,517.7999877929688,10229778,485.77250213623046,469.3190014648437,1,0.0,NULL
2022-07-26,517.7000122070312,520.7999877929688,513.0999755859375,514.2000122070312,514.2000122070312,8862656,488.270002746582,470.257001953125,1,0.0,NULL
2022-07-27,515.2999877929688,529.9500122070312,512.25,528.2000122070312,528.2000122070312,15101546,491.7250030517578,471.66100219726565,1,0.0,NULL
2022-07-28,533.2000122070312,537.5,529.5499877929688,532.4500122070312,532.4500122070312,12160734,495.05250396728513,473.36000244140627,1,0.0,NULL
2022-07-29,535.0499877929688,537.0,526.75,528.3499755859375,528.3499755859375,11921058,498.12750244140625,474.6790020751953,1,0.0,NULL
2022-08-01,529.0499877929688,535.0,526.4000244140625,533.75,533.75,8295631,501.1425018310547,476.1360021972656,1,0.0,NULL
2022-08-02,531.9000244140625,544.9000244140625,531.0999755859375,542.0999755859375,542.0999755859375,16845027,504.64000091552737,477.737001953125,1,0.0,NULL
2022-08-03,541.9000244140625,546.4000244140625,534.6500244140625,540.8499755859375,540.8499755859375,24262125,507.6849990844727,479.4720013427734,1,0.0,NULL
2022-08-04,543.6500244140625,544.0,524.2000122070312,533.25,533.25,18072293,510.00999908447267,480.7590014648438,1,0.0,NULL
2022-08-05,535.5499877929688,542.9000244140625,529.0,531.0499877929688,531.0499877929688,21110734,512.1349990844726,482.0010009765625,1,0.0,NULL
2022-08-08,524.0,524.0,513.8499755859375,520.4000244140625,520.4000244140625,32566317,513.7449996948242,482.91700134277346,1,0.0,NULL
2022-08-10,521.5499877929688,523.5,513.4000244140625,514.7000122070312,514.7000122070312,16904151,515.2324996948242,483.84900146484375,1,0.0,NULL
2022-08-11,520.0,526.0,517.2000122070312,524.75,524.75,13862195,517.1449996948243,484.9780017089844,1,0.0,NULL
2022-08-12,525.7000122070312,531.7999877929688,525.1500244140625,530.7000122070312,530.7000122070312,12154012,519.7125,486.1950018310547,1,0.0,NULL
2022-08-16,533.2999877929688,533.8499755859375,525.0,525.9500122070312,525.9500122070312,10721167,522.0550003051758,487.4240020751953,1,0.0,NULL
2022-08-17,528.8499755859375,530.5499877929688,524.3499755859375,528.1500244140625,528.1500244140625,12054183,523.9475021362305,488.71300231933594,1,0.0,NULL
2022-08-18,526.8499755859375,534.7999877929688,526.2000122070312,532.3499755859375,532.3499755859375,9013662,525.6675003051757,490.092001953125,1,0.0,NULL
2022-08-19,532.0,533.6500244140625,518.5,520.3499755859375,520.3499755859375,11087222,526.2549987792969,491.07300170898435,1,0.0,NULL
2022-08-22,519.0,519.9000244140625,510.0,511.29998779296875,511.29998779296875,9676954,526.2174987792969,491.96000122070313,1,0.0,NULL
2022-08-23,508.25,524.0,508.25,521.9000244140625,521.9000244140625,8597965,526.6274993896484,493.16100158691404,1,0.0,NULL
2022-08-24,519.0,523.0,512.2999877929688,519.2999877929688,519.2999877929688,11930650,526.7024993896484,494.63000122070315,1,0.0,NULL
2022-08-25,521.9500122070312,528.2999877929688,518.5,520.4000244140625,520.4000244140625,15473450,527.0125,496.07600158691406,1,0.0,NULL
2022-08-26,523.7999877929688,529.5,522.2000122070312,523.7999877929688,523.7999877929688,12855886,526.7924987792969,497.52500122070313,1,0.0,NULL
2022-08-29,511.29998779296875,517.0,508.75,514.8499755859375,514.8499755859375,9421339,525.9124969482422,498.99000061035156,1,0.0,NULL
2022-08-30,518.2000122070312,532.5,517.9500122070312,531.25,531.25,14835308,526.0574981689454,500.79500061035156,1,0.0,NULL
2022-09-01,522.25,540.9000244140625,522.25,533.2999877929688,533.2999877929688,16670228,526.0349975585938,502.7670001220703,1,0.0,NULL
2022-09-02,537.0,537.8499755859375,531.25,536.7000122070312,536.7000122070312,10017930,525.7649993896484,504.48600036621093,1,0.0,NULL
2022-09-05,537.0,540.7999877929688,536.2999877929688,538.9000244140625,538.9000244140625,7819994,525.6675018310547,506.3110009765625,1,0.0,NULL
2022-09-06,538.0,542.7000122070312,534.0999755859375,537.7999877929688,537.7999877929688,8657868,525.8950012207031,508.0390008544922,1,0.0,NULL
2022-09-07,534.4000244140625,537.4500122070312,531.5499877929688,532.8499755859375,532.8499755859375,8445359,525.9850006103516,509.61100036621093,1,0.0,NULL
2022-09-08,536.0,546.2999877929688,535.5,544.6500244140625,544.6500244140625,12240707,527.1975006103515,511.2800006103516,1,0.0,NULL
2022-09-09,549.6500244140625,557.0,548.0,553.3499755859375,553.3499755859375,18587927,529.1299987792969,513.0620001220703,1,0.0,NULL
2022-09-12,554.9000244140625,558.5999755859375,551.25,554.9000244140625,554.9000244140625,9677415,530.6375,514.9780004882813,1,0.0,NULL
2022-09-13,560.0,560.0,553.75,558.0,558.0,16707275,532.0024993896484,516.8200006103516,1,0.0,NULL
2022-09-14,550.0,574.8499755859375,549.25,571.75,571.75,21632641,534.2924987792969,518.9180004882812,1,0.0,NULL
2022-09-15,572.5499877929688,578.5,567.9000244140625,572.1500244140625,572.1500244140625,12749947,536.4924987792969,520.8920007324218,1,0.0,NULL
2022-09-16,569.0999755859375,574.0,560.2999877929688,561.7999877929688,561.7999877929688,14739280,537.9649993896485,522.6850006103516,1,0.0,NULL
2022-09-19,560.7000122070312,574.4000244140625,559.5499877929688,572.25,572.25,11194003,540.5600006103516,524.531000366211,1,0.0,NULL
2022-09-20,577.9500122070312,577.9500122070312,572.8499755859375,574.0499877929688,574.0499877929688,8484017,543.6975006103515,526.2770001220703,1,0.0,NULL
2022-09-21,575.0,577.2999877929688,565.4000244140625,569.7000122070312,569.7000122070312,9392526,546.0875,527.9000006103515,1,0.0,NULL
2022-09-22,566.75,574.0,562.0,567.2999877929688,567.2999877929688,11869435,548.4875,529.4820001220703,1,0.0,NULL
2022-09-23,564.7999877929688,568.0,549.5,550.5999755859375,550.5999755859375,12563239,549.9974975585938,530.7949993896484,1,0.0,NULL
2022-09-26,545.7999877929688,549.0,533.0,543.2999877929688,543.2999877929688,16158750,550.9724975585938,531.9309991455078,1,0.0,NULL
2022-09-27,544.5499877929688,550.9000244140625,533.2000122070312,536.5,536.5,11066799,552.0549987792969,533.0739990234375,1,0.0,NULL
2022-09-28,532.9000244140625,539.7999877929688,520.3499755859375,524.8499755859375,524.8499755859375,12233485,551.7349975585937,533.9889984130859,1,0.0,NULL
2022-09-29,529.0,535.7000122070312,519.5499877929688,521.75,521.75,17310168,551.1574981689453,534.6179986572265,1,0.0,NULL
2022-09-30,524.0,536.9000244140625,516.1500244140625,530.5999755859375,530.5999755859375,17466950,550.8524963378907,535.2709979248046,1,0.0,NULL
2022-10-03,527.5999755859375,531.6500244140625,518.5,519.75,519.75,9351162,549.8949951171875,535.4939978027344,1,0.0,NULL
2022-10-04,533.0,535.7999877929688,527.7999877929688,532.7000122070312,532.7000122070312,8745887,549.6399963378906,535.9069982910156,1,0.0,NULL
2022-10-06,534.5999755859375,541.7999877929688,534.5999755859375,537.2999877929688,537.2999877929688,9507322,549.8624969482422,536.3789978027344,1,0.0,NULL
2022-10-07,535.5,535.5999755859375,526.5499877929688,530.2000122070312,530.2000122070312,11065307,549.1399963378906,536.6269982910156,1,0.0,NULL
2022-10-10,525.7000122070312,533.9000244140625,522.2000122070312,530.75,530.75,9649292,548.0099975585938,536.957998046875,1,0.0,NULL
2022-10-11,530.75,533.7000122070312,525.5,527.4000244140625,527.4000244140625,10825440,546.6349975585938,536.9419982910156,1,0.0,NULL
2022-10-12,530.0,535.0,526.0,533.7999877929688,533.7999877929688,8522604,545.4249969482422,536.9689978027344,1,0.0,NULL
2022-10-13,533.0,533.7999877929688,520.2000122070312,521.4500122070312,521.4500122070312,12972765,542.9099975585938,536.8309985351563,1,0.0,NULL
2022-10-14,530.2000122070312,534.8499755859375,526.0,527.2000122070312,527.2000122070312,8545479,540.6624969482422,536.6999987792968,1,0.0,NULL
2022-10-17,526.4000244140625,544.7000122070312,524.2000122070312,543.6500244140625,543.6500244140625,13485349,539.7549987792969,536.7309997558593,1,0.0,NULL
2022-10-18,547.0999755859375,563.5,546.75,562.4500122070312,562.4500122070312,20440781,539.2649993896484,537.1630004882812,1,0.0,NULL
2022-10-19,563.0,563.4500122070312,551.5499877929688,553.4000244140625,553.4000244140625,9540583,538.2325012207032,537.5660009765625,1,0.0,NULL
2022-10-20,552.0,556.7999877929688,545.2999877929688,555.4000244140625,555.4000244140625,11225588,537.5175018310547,538.0530017089844,0,-1.0,NULL
2022-10-21,557.25,565.7999877929688,557.25,560.8499755859375,560.8499755859375,11767639,537.1950012207031,538.8620007324218,0,0.0,NULL
2022-10-24,567.0,572.5,565.9000244140625,570.5,570.5,3692065,538.1900024414062,539.9780004882813,0,0.0,NULL
2022-10-25,572.5,586.2000122070312,568.0,578.5499877929688,578.5499877929688,19899324,539.9525024414063,541.0540002441406,0,0.0,NULL
2022-10-27,583.9500122070312,585.0,577.5999755859375,579.6500244140625,579.6500244140625,13613533,542.1100036621094,542.0330004882812,1,1.0,SELL
2022-10-28,579.9500122070312,582.6500244140625,567.0,570.75,570.75,10043644,544.4050048828125,542.9290002441406,1,0.0,NULL
2022-10-31,574.9500122070312,577.4500122070312,568.4000244140625,573.7999877929688,573.7999877929688,9894639,547.0075042724609,543.8419995117188,1,0.0,NULL
2022-11-01,576.3499755859375,585.75,574.5999755859375,576.9000244140625,576.9000244140625,12069579,549.3225067138671,544.7330004882813,1,0.0,NULL
2022-11-02,575.9000244140625,578.9500122070312,569.9000244140625,573.8499755859375,573.8499755859375,10241440,552.0275054931641,545.8030004882812,1,0.0,NULL
2022-11-03,569.0,587.9500122070312,568.0,584.9000244140625,584.9000244140625,17557998,554.6375061035156,547.2750012207031,1,0.0,NULL
2022-11-04,586.0,596.9500122070312,580.4000244140625,593.9500122070312,593.9500122070312,25759031,557.4700073242187,548.7160009765626,1,0.0,NULL
2022-11-07,613.0,622.7000122070312,607.7000122070312,614.1500244140625,614.1500244140625,44265903,561.6675079345703,550.6130017089844,1,0.0,NULL
2022-11-09,621.0,621.0,610.5499877929688,615.5499877929688,615.5499877929688,18939854,565.9075073242187,552.5160009765625,1,0.0,NULL
2022-11-10,613.0999755859375,615.0999755859375,602.2000122070312,605.75,605.75,11618405,569.8250061035156,554.1550012207031,1,0.0,NULL
2022-11-11,617.25,619.5499877929688,598.5,601.2999877929688,601.2999877929688,15525267,573.2000061035156,555.8840014648438,1,0.0,NULL
2022-11-14,603.9500122070312,603.9500122070312,591.6500244140625,592.5499877929688,592.5499877929688,12957268,576.7550048828125,557.1100012207031,1,0.0,NULL
2022-11-15,594.2999877929688,602.0999755859375,592.6500244140625,600.8499755859375,600.8499755859375,10286417,580.4375030517579,558.4610009765624,1,0.0,NULL
2022-11-16,599.9500122070312,603.5,596.0,599.75,599.75,11555749,583.2425018310547,559.7220007324219,1,0.0,NULL
2022-11-17,599.0999755859375,602.75,596.1500244140625,599.0499877929688,599.0499877929688,8167131,585.0725006103515,560.925,1,0.0,NULL
2022-11-18,601.0,605.75,597.1500244140625,602.7000122070312,602.7000122070312,12933675,587.5375,562.2230004882813,1,0.0,NULL
2022-11-21,602.0999755859375,602.0999755859375,595.3499755859375,598.0999755859375,598.0999755859375,7412419,589.6724975585937,563.5280004882812,1,0.0,NULL
2022-11-22,598.1500244140625,600.7000122070312,596.1500244140625,599.0999755859375,599.0999755859375,8048595,591.5849975585937,564.6169995117187,1,0.0,NULL
2022-11-23,601.5499877929688,609.5999755859375,601.0,607.6500244140625,607.6500244140625,12435924,593.4424987792969,565.7030004882813,1,0.0,NULL
2022-11-24,609.75,611.2999877929688,605.7999877929688,609.3499755859375,609.3499755859375,8960032,594.9824981689453,566.7919995117187,1,0.0,NULL
2022-11-25,610.5499877929688,613.7000122070312,606.25,607.4000244140625,607.4000244140625,9994513,596.3699981689454,567.78,1,0.0,NULL
2022-11-28,605.5999755859375,610.9000244140625,602.3499755859375,608.5999755859375,608.5999755859375,7934274,598.2624969482422,568.5169995117187,1,0.0,NULL
2022-11-29,607.0999755859375,611.7999877929688,607.0999755859375,608.5499877929688,608.5499877929688,6942919,599.9999969482421,569.2449987792969,1,0.0,NULL
2022-11-30,608.5,611.4000244140625,598.4000244140625,602.4500122070312,602.4500122070312,15606230,601.2774963378906,570.0579992675781,1,0.0,NULL
2022-12-01,607.8499755859375,609.7999877929688,601.5499877929688,608.0999755859375,608.0999755859375,14209313,602.9899963378906,570.7749987792969,1,0.0,NULL
2022-12-02,607.5,609.5999755859375,604.25,607.5499877929688,607.5499877929688,7533838,604.1224945068359,571.4449987792968,1,0.0,NULL
2022-12-05,608.5,618.0,607.5499877929688,617.2999877929688,617.2999877929688,11585602,605.2899932861328,572.3969982910156,1,0.0,NULL
2022-12-06,614.75,619.7999877929688,607.7999877929688,608.9500122070312,608.9500122070312,12996244,605.0299926757813,573.2299987792969,1,0.0,NULL
2022-12-07,610.8499755859375,612.9000244140625,604.5,607.0499877929688,607.0499877929688,7613892,604.6049926757812,574.3589990234375,1,0.0,NULL
2022-12-08,609.75,613.7999877929688,607.1500244140625,611.6500244140625,611.6500244140625,10020015,604.8999938964844,575.7259997558593,1,0.0,NULL
2022-12-09,614.4000244140625,618.0,609.0999755859375,616.5,616.5,11202267,605.6599945068359,577.3259997558594,1,0.0,NULL
2022-12-12,614.7999877929688,618.7000122070312,611.0,613.0499877929688,613.0499877929688,9285187,606.6849945068359,579.09,1,0.0,NULL
2022-12-13,613.5,617.4000244140625,612.5,616.75,616.75,7455415,607.4799957275391,580.99,1,0.0,NULL
2022-12-14,618.5,626.75,617.5,625.5,625.5,14009066,608.7674957275391,582.8880004882812,1,0.0,NULL
